Marathon Name,City,State/Country,Date,courseSlug,status,sourceUrl,note
Texas Marathon,"Kingwood, TX 01/01/2027",TX,01/01/2027,texas-triple,no-course-map,https://www.goandrace.com/en/running-events/2026/05/texas-triple-2026-dallas.php,event page links no course map
New Years (Day) Double Marathon,"Allen, TX 01/01/2027",TX,01/01/2027,,not-on-source,,no goandrace listing in any crawl
Revolution Run Marathon,"Kearns, UT 01/01/2027",UT,01/01/2027,,not-on-source,,no goandrace listing in any crawl
Athens Big-Fork Trail Marathon,"Big Fork, AR 01/09/2027",AR,01/09/2027,athens-marathon,in-db,,Athens Marathon
Buckeye Marathon,"Buckeye, AZ 01/09/2027",AZ,01/09/2027,,not-on-source,,no goandrace listing in any crawl
State 47 Las Cruces Marathon,"Las Cruces, NM 01/09/2027",NM,01/09/2027,,not-on-source,,no goandrace listing in any crawl
San Diego Trail Runs Marathon,"San Diego, CA 01/09/2027",CA,01/09/2027,,not-on-source,,no goandrace listing in any crawl
River City Micro Marathon,"Decatur, AL 01/09/2027",AL,01/09/2027,,not-on-source,,no goandrace listing in any crawl
Lake Mead Marathon,"Boulder City, NV 01/10/2026",NV,01/10/2026,,not-on-source,,no goandrace listing in any crawl
Mobile Marathon,"Mobile, AL 01/10/2027",AL,01/10/2027,,not-on-source,,no goandrace listing in any crawl
Walt Disney World Marathon,"Orlando, FL 01/10/2027",FL,01/10/2027,walt-disney-world-marathon-weekend,queued,https://www.goandrace.com/en/running-events/walt-disney-world-marathon-weekend-2025-orlando.php,Walt Disney World Marathon Weekend 2025
Las Vegas Marathon,"Las Vegas, NV 01/10/2027",NV,01/10/2027,,not-on-source,,no goandrace listing in any crawl
Marathon Bahamas,"Nassau, BS TBD",BS,TBD,,no-date,,"date is ""TBD"""
McAllen Marathon,"McAllen, TX 01/16/2027",TX,01/16/2027,,not-on-source,,no goandrace listing in any crawl
Daufuskie Island Marathon,"Daufuskie Island, SC 01/16/2027",SC,01/16/2027,,not-on-source,,no goandrace listing in any crawl
Florida Track Club Mary Andrews Marathon,"Hawthorne, FL 01/16/2027",FL,01/16/2027,,not-on-source,,no goandrace listing in any crawl
Mangum Marathon,"Ellerbe, NC 01/16/2027",NC,01/16/2027,,not-on-source,,no goandrace listing in any crawl
Houston Marathon,"Houston, TX 01/17/2027",TX,01/17/2027,houston-marathon,in-db,,Houston Marathon
Carlsbad Marathon,"Carlsbad, CA 01/17/2027",CA,01/17/2027,carlsbad-marathon,in-db,,Carlsbad Marathon
Redding Marathon,"Redding, CA 01/17/2027",CA,01/17/2027,,not-on-source,,no goandrace listing in any crawl
Maui Oceanfront Marathon,"Maui, HI 01/17/2027",HI,01/17/2027,maui-oceanfront-marathon,in-db,,Maui Oceanfront Marathon
Lost Dutchman Marathon,"Apache Junction, AZ 01/17/2027",AZ,01/17/2027,lost-dutchman-marathon,in-db,,Lost Dutchman Marathon
Crystal Springs Trail Run Marathon,"Woodside, CA 01/17/2027",CA,01/17/2027,,not-on-source,,no goandrace listing in any crawl
Louisiana Marathon,"Baton Rouge, LA 01/17/2027",LA,01/17/2027,,not-on-source,,no goandrace listing in any crawl
Jekyll Island Marathon,"Jekyll Island, GA 01/17/2027",GA,01/17/2027,,not-on-source,,no goandrace listing in any crawl
Bermuda Triangle Challenge Marathon,"Hamilton, BM 01/17/2027",BM,01/17/2027,chubb-bermuda-triangle-challenge,queued,https://www.goandrace.com/en/running-events/chubb-bermuda-triangle-challenge-2025-hamilton.php,Chubb Bermuda Triangle Challenge 2025
Renegade Rehab Run Marathon,"Lecanto, FL 01/18/2026",FL,01/18/2026,,not-on-source,,no goandrace listing in any crawl
Red Rock Canyon Marathon,"Las Vegas, NV 01/23/2027",NV,01/23/2027,,not-on-source,,no goandrace listing in any crawl
Sun Marathon,"Santa Clara, UT 01/23/2027",UT,01/23/2027,,not-on-source,,no goandrace listing in any crawl
Icebreaker Marathon,"East Meadow, NY 01/24/2026",NY,01/24/2026,,not-on-source,,no goandrace listing in any crawl
USA Fit Marathon,"Sugar Land, TX 01/25/2026",TX,01/25/2026,,not-on-source,,no goandrace listing in any crawl
ONU Polar Bear Indoor Marathon,"Ada, OH 01/26/2025",OH,01/26/2025,,past-event,,listed 01/26/2025
Yuma Territorial Marathon,"Yuma, AZ 01/30/2027",AZ,01/30/2027,,not-on-source,,no goandrace listing in any crawl
Museum of Aviation Marathon,"Warner Robins, GA 01/31/2026",GA,01/31/2026,,not-on-source,,no goandrace listing in any crawl
Miami Marathon,"Miami, FL 01/31/2027",FL,01/31/2027,miami-marathon,in-db,,Miami Marathon
Clearwater Marathon,"Clearwater, FL 01/31/2027",FL,01/31/2027,,not-on-source,,no goandrace listing in any crawl
Town of Celebration Marathon,"Celebration, FL 01/31/2027",FL,01/31/2027,town-of-celebration-marathon-and-half-marathon,queued,https://www.goandrace.com/en/running-events/town-of-celebration-marathon-half-marathon-2026.php,Town of Celebration Marathon & Half Marathon 2026
Big Beach Marathon,"Gulf Shores, AL 01/31/2027",AL,01/31/2027,,not-on-source,,no goandrace listing in any crawl
Warm up Columbus,"Dublin, OH 02/01/2026",OH,02/01/2026,,not-on-source,,no goandrace listing in any crawl
Surfside Beach Marathon,"Surfside, TX 02/06/2027",TX,02/06/2027,,not-on-source,,no goandrace listing in any crawl
Groundhog Day Marathon,"Grand Rapids, MI 02/06/2027",MI,02/06/2027,,not-on-source,,no goandrace listing in any crawl
Railway Marathon,"Fultondale, AL 02/06/2027",AL,02/06/2027,,not-on-source,,no goandrace listing in any crawl
Jed Smith Ultra Classic Marathon,"Sacramento, CA 02/06/2027",CA,02/06/2027,,not-on-source,,no goandrace listing in any crawl
Tallahassee Marathon,"Tallahassee, FL 02/07/2027",FL,02/07/2027,,not-on-source,,no goandrace listing in any crawl
Surf City Marathon,"Huntington Beach, CA 02/07/2027",CA,02/07/2027,,not-on-source,,no goandrace listing in any crawl
Florida Marathon,"Melbourne, FL 02/07/2027",FL,02/07/2027,,not-on-source,,no goandrace listing in any crawl
Donna Marathon,"Jacksonville Beach, FL 02/07/2027",FL,02/07/2027,,not-on-source,,no goandrace listing in any crawl
Death Valley Marathon,"Death Valley, CA 02/07/2026",CA,02/07/2026,,not-on-source,,no goandrace listing in any crawl
Mississippi River Marathon,"Greenville, MS 02/07/2026",MS,02/07/2026,,not-on-source,,no goandrace listing in any crawl
,"St. Petersburg, FL 02/07/2027",FL,02/07/2027,,not-on-source,,no goandrace listing in any crawl
Mt. Umunhum Trail Marathon,"San Jose, CA 02/07/2026",CA,02/07/2026,,not-on-source,,no goandrace listing in any crawl
Papa Loco Marathon,"Conway, AR 02/08/2026",AR,02/08/2026,,not-on-source,,no goandrace listing in any crawl
Harlingen Marathon,"Harlingen, TX 02/08/2026",TX,02/08/2026,,not-on-source,,no goandrace listing in any crawl
Gone Loco Marathon,"Athens, TN 02/08/2026",TN,02/08/2026,,not-on-source,,no goandrace listing in any crawl
Mesa Marathon,"Mesa, AZ 02/13/2027",AZ,02/13/2027,mesa-marathon,in-db,,Mesa Marathon
Run Oak Island Marathon,"Oak Island, NC 02/13/2027",NC,02/13/2027,,not-on-source,,no goandrace listing in any crawl
Love Chocolate Marathon,"Savannah, GA 02/13/2027",GA,02/13/2027,,not-on-source,,no goandrace listing in any crawl
Ft. Lauderdale A1A Marathon,"Ft. Lauderdale, FL 02/14/2027",FL,02/14/2027,publix-fort-lauderdale-a1a-marathon,queued,https://www.goandrace.com/en/running-events/publix-fort-lauderdale-a1a-marathon-2025.php,Publix Fort Lauderdale A1A Marathon 2025
Austin Marathon,"Austin, TX 02/14/2027",TX,02/14/2027,austin-marathon,in-db,,Austin Marathon
Valentines Day Massacre Marathon,"Greensboro, NC 02/14/2027",NC,02/14/2027,,not-on-source,,no goandrace listing in any crawl
Fort Ebey Kettles Trail Marathon,"Whidbey Island, WA 02/14/2026",WA,02/14/2026,,not-on-source,,no goandrace listing in any crawl
Rescue Rover Marathon (Dalmatian Run Fest),"Bedford, TX 02/14/2026",TX,02/14/2026,,not-on-source,,no goandrace listing in any crawl
Hilton Head Island Marathon,"Hilton Head Island, SC TBD",SC,TBD,,no-date,,"date is ""TBD"""
Puppy Power Marathon (Dalmatian Run Fest),"Bedford, TX 02/15/2026",TX,02/15/2026,,not-on-source,,no goandrace listing in any crawl
Mighty Mutt Marathon (Dalmatian Run Fest),"Bedford, TX 02/16/2026",TX,02/16/2026,,not-on-source,,no goandrace listing in any crawl
Mississippi Blues Marathon,"Jackson, MS 02/20/2027",MS,02/20/2027,mississippi-blues-marathon,in-db,,Mississippi Blues Marathon
Montara Mountain Marathon,"Pacifica, CA 02/20/2027",CA,02/20/2027,,not-on-source,,no goandrace listing in any crawl
Running from Yeti Marathon,"Springfield, MO 02/20/2027",MO,02/20/2027,,not-on-source,,no goandrace listing in any crawl
Galveston Marathon,"Galveston, TX 02/21/2027",TX,02/21/2027,galveston-marathon,in-db,,Galveston Marathon
Ventura Marathon,"Ventura, CA 02/21/2027",CA,02/21/2027,,not-on-source,,no goandrace listing in any crawl
Seville Marathon,"Seville, ES 02/21/2027",ES,02/21/2027,seville-marathon,in-db,,Seville Marathon
Wicked Fast (AZ) Marathon,"Tucson, AZ 02/21/2026",AZ,02/21/2026,,not-on-source,,no goandrace listing in any crawl
We Run this Beach Marathon,"Gulf Shores, AL 02/22/2026",AL,02/22/2026,,not-on-source,,no goandrace listing in any crawl
Wilmington Marathon,"Wilmington, NC 02/27/2027",NC,02/27/2027,wilmington-marathon,in-db,,Wilmington Marathon
Woodlands Marathon,"The Woodlands, TX 02/27/2027",TX,02/27/2027,the-woodlands-marathon,queued,https://www.goandrace.com/en/running-events/the-woodlands-marathon-2025-the-woodlands.php,The Woodlands Marathon 2025
SoCal Marathon,"Huntington Beach, CA 02/27/2027",CA,02/27/2027,,not-on-source,,no goandrace listing in any crawl
Ellerbe Marathon,"Ellerbe, NC 02/28/2026",NC,02/28/2026,,not-on-source,,no goandrace listing in any crawl
El Paso Marathon,"El Paso, TX 02/28/2027",TX,02/28/2027,,not-on-source,,no goandrace listing in any crawl
Cowtown Marathon,"Fort Worth, TX 02/28/2027",TX,02/28/2027,cowtown-marathon,in-db,,Cowtown Marathon
Cummins Falls Marathon,"Cookeville, TN 02/28/2026",TN,02/28/2026,cummins-falls-marathon,in-db,,Cummins Falls Marathon
Oak Ridge to Kingston Express Marathon,"Oak Ridge, TN 02/28/2027",TN,02/28/2027,,not-on-source,,no goandrace listing in any crawl
Every Womans Marathon,"New Orleans, LA 02/28/2027",LA,02/28/2027,,not-on-source,,no goandrace listing in any crawl
Hyannis Marathon,"Hyannis, MA 03/02/2025",MA,03/02/2025,,past-event,,listed 03/02/2025
Combos Marathon,"Albany, GA 03/06/2027",GA,03/06/2027,albany-combos-marathon,in-db,https://www.goandrace.com/en/running-events/albany-combos-marathon-2025-albany.php,already imported from albany-combos-marathon
Myrtle Beach Marathon,"Myrtle Beach, SC 03/06/2027",SC,03/06/2027,myrtle-beach-marathon,in-db,,Myrtle Beach Marathon
Run the Alamo 26.2 Marathon,"San Antonio, TX 03/06/2027",TX,03/06/2027,alamo-marathon,in-db,,Alamo Marathon
Atlanta Marathon,"Atlanta, GA 03/07/2027",GA,03/07/2027,atlanta-marathon,in-db,,Atlanta Marathon
Little Rock Marathon,"Little Rock, AR 03/07/2027",AR,03/07/2027,little-rock-marathon,in-db,,Little Rock Marathon
Los Angeles Marathon,"Los Angeles, CA 03/07/2027",CA,03/07/2027,los-angeles-marathon,in-db,,Los Angeles Marathon
Napa Valley Marathon,"Napa, CA 03/07/2027",CA,03/07/2027,,not-on-source,,no goandrace listing in any crawl
Umstead Marathon,"Raleigh, NC 03/07/2026",NC,03/07/2026,,not-on-source,,no goandrace listing in any crawl
Seneca Creek Greenway Trail Marathon,"Damascus, MD 03/07/2026",MD,03/07/2026,,not-on-source,,no goandrace listing in any crawl
Cross Timbers Trail Runs Marathon,"Lake Texoma, TX 03/07/2026",TX,03/07/2026,,not-on-source,,no goandrace listing in any crawl
Sand Hollow Marathon,"Hurricane, UT 03/07/2026",UT,03/07/2026,,not-on-source,,no goandrace listing in any crawl
Zydeco Marathon,"Lafayette, LA 03/07/2027",LA,03/07/2027,lafayette-general-zydeco-marathon,queued,https://www.goandrace.com/en/running-events/lafayette-general-zydeco-marathon-2025-lafayette.php,Lafayette General Zydeco Marathon 2025
Marathon of the Treasure Coast,"Stuart, FL 03/07/2027",FL,03/07/2027,,not-on-source,,no goandrace listing in any crawl
Newport News One City Marathon,"Newport News, VA 03/07/2027",VA,03/07/2027,newport-marathon,in-db,,Newport Marathon
Tokyo Marathon,"Tokyo, JP 03/07/2027",JP,03/07/2027,tokyo,in-db,,Tokyo Marathon
Hachie Marathon,"Waxahachie, TX 03/07/2026",TX,03/07/2026,,not-on-source,,no goandrace listing in any crawl
Flowerfest Marathon at Callaway Gardens,"Pine Mountain, GA 03/08/2025",GA,03/08/2025,,past-event,,listed 03/08/2025
Catalina Marathon,"Catalina Island, CA 03/13/2027",CA,03/13/2027,,not-on-source,,no goandrace listing in any crawl
Seabrook Lucky Trail Marathon,"Seabrook, TX 03/13/2027",TX,03/13/2027,,not-on-source,,no goandrace listing in any crawl
Run Through Time Marathon,"Salida, CO 03/13/2027",CO,03/13/2027,,not-on-source,,no goandrace listing in any crawl
Land Between the Lakes Marathon,"Grand Rivers, KY 03/13/2027",KY,03/13/2027,,not-on-source,,no goandrace listing in any crawl
Run the Rainbow for Childrens Marathon,"Jackson, MS 03/13/2027",MS,03/13/2027,,not-on-source,,no goandrace listing in any crawl
Big Island International Marathon,"Hilo, HI 03/14/2027",HI,03/14/2027,,not-on-source,,no goandrace listing in any crawl
Tobacco Road Marathon,"Cary, NC 03/14/2027",NC,03/14/2027,veradigm-tobacco-road-marathon-and-half-marathon,queued,https://www.goandrace.com/en/running-events/veradigm-tobacco-road-marathon-and-half-marathon-2026-cary.php,Veradigm Tobacco Road Marathon and Half Marathon 2026
Rome Marathon,"Rome, IT 03/14/2027",IT,03/14/2027,rome-marathon,in-db,,Rome Marathon
Barcelona Marathon,"Barcelona, ES 03/14/2027",ES,03/14/2027,barcelona-marathon,in-db,,Barcelona Marathon
Des Moines St. Paddys Marathon,"Des Moines, IA 03/14/2026",IA,03/14/2026,,not-on-source,,no goandrace listing in any crawl
St. Patricks Marathon,"Washington, DC 03/15/2026",DC,03/15/2026,,not-on-source,,no goandrace listing in any crawl
Bound for Boston (Las Vegas) Marathon,"Henderson, NV 03/15/2026",NV,03/15/2026,boston-marathon,in-db,,Boston Marathon
Grasslands Trail Run Marathon,"Decatur, TX 03/20/2027",TX,03/20/2027,,not-on-source,,no goandrace listing in any crawl
Asheville Marathon,"Asheville, NC 03/20/2027",NC,03/20/2027,asheville-marathon,in-db,,Asheville Marathon
Heroes of America Marathon,"Columbus, GA 03/20/2027",GA,03/20/2027,,not-on-source,,no goandrace listing in any crawl
,"Athens, GA 03/20/2027",GA,03/20/2027,athens-marathon,in-db,,Athens Marathon
Labor of Love Marathon,"Las Vegas, NV 03/21/2026",NV,03/21/2026,,not-on-source,,no goandrace listing in any crawl
Shamrock Marathon,"Virginia Beach, VA 03/21/2027",VA,03/21/2027,,not-on-source,,no goandrace listing in any crawl
Buzz Marathon,"San Miguel, CA 03/21/2026",CA,03/21/2026,,not-on-source,,no goandrace listing in any crawl
Napa Valley Trail Marathon,"Calistoga, CA 03/21/2026",CA,03/21/2026,,not-on-source,,no goandrace listing in any crawl
Bataan Memorial Death March Marathon,"White Sands Missle Range, NM 03/21/2026",NM,03/21/2026,,not-on-source,,no goandrace listing in any crawl
Oakland Marathon,"Oakland, CA 03/21/2027",CA,03/21/2027,oakland-marathon,in-db,,Oakland Marathon
Two Rivers Marathon,"Lackawaxen, PA 03/21/2026",PA,03/21/2026,,not-on-source,,no goandrace listing in any crawl
Irving Marathon,"Irving, TX 03/21/2027",TX,03/21/2027,irving-marathon,in-db,,Irving Marathon
Fort Smith Marathon,"Fort Smith, AR 03/21/2027",AR,03/21/2027,,not-on-source,,no goandrace listing in any crawl
Seoul Marathon,"Seoul, KR 03/21/2027",KR,03/21/2027,seoul-marathon,queued,https://www.goandrace.com/en/running-events/seoul-marathon-2025-seoul.php,Seoul Marathon 2025
Race to Space Marathon,"Huntsville, AL 03/21/2027",AL,03/21/2027,,not-on-source,,no goandrace listing in any crawl
Two Rivers Marathon (Sunday),"Lackawaxen, PA 03/22/2026",PA,03/22/2026,,not-on-source,,no goandrace listing in any crawl
Griffith Park Trail Marathon,"Los Angeles, CA 03/28/2026",CA,03/28/2026,griffith-park-trail-marathon,no-course-map,https://www.goandrace.com/en/running-events/griffith-park-trail-marathon-2025-los-angeles.php,event page links no course map
Mission Run in the Ozarks Marathon,"Mountain View, AR 03/27/2027",AR,03/27/2027,,not-on-source,,no goandrace listing in any crawl
Rend Lake Marathon,"Whittington, IL 03/27/2027",IL,03/27/2027,,not-on-source,,no goandrace listing in any crawl
McKirdy Micro Marathon (Breaking 3),"Valley Cottage, NY 03/28/2026",NY,03/28/2026,,not-on-source,,no goandrace listing in any crawl
Heckscher State Park Marathon,"East Islip, NY 03/28/2026",NY,03/28/2026,,not-on-source,,no goandrace listing in any crawl
B and A Marathon,"Severna Park, MD 03/29/2026",MD,03/29/2026,,not-on-source,,no goandrace listing in any crawl
Ohio River Road Runners Club Marathon,"Xenia, OH 03/29/2026",OH,03/29/2026,,not-on-source,,no goandrace listing in any crawl
Trailbreaker Marathon,"Waukesha, WI 03/29/2026",WI,03/29/2026,,not-on-source,,no goandrace listing in any crawl
Chattanooga Marathon,"Chattanooga, TN 03/29/2026",TN,03/29/2026,erlanger-chattanooga-marathon,queued,https://www.goandrace.com/en/running-events/erlanger-chattanooga-marathon-2026.php,Erlanger Chattanooga Marathon 2026
McKirdy Micro Marathon (MicroOTQ),"Valley Cottage, NY 03/29/2026",NY,03/29/2026,,not-on-source,,no goandrace listing in any crawl
Charlottesville Marathon,"Charlottesville, VA 04/03/2027",VA,04/03/2027,,not-on-source,,no goandrace listing in any crawl
Greater St. Louis Marathon,"St. Louis, MO 04/03/2027",MO,04/03/2027,st-louis-marathon,in-db,,St. Louis Marathon
Black Mountain Marathon,"Black Mountain, NC 04/03/2027",NC,04/03/2027,,not-on-source,,no goandrace listing in any crawl
Yakima River Canyon Marathon,"Ellensburg, WA 04/03/2027",WA,04/03/2027,,not-on-source,,no goandrace listing in any crawl
Savin Rock Marathon,"West Haven, CT 04/03/2027",CT,04/03/2027,,not-on-source,,no goandrace listing in any crawl
REVEL Mt. Charleston Marathon,"Las Vegas, NV 04/03/2027",NV,04/03/2027,revel-mt-charleston-marathon,in-db,,REVEL Mt Charleston Marathon
Salisbury Marathon,"Salisbury, MD 04/03/2027",MD,04/03/2027,,not-on-source,,no goandrace listing in any crawl
Cheap Marathon,"Derry, NH 04/03/2027",NH,04/03/2027,,not-on-source,,no goandrace listing in any crawl
Victory Marathon,"Hillsdale, IN 04/03/2027",IN,04/03/2027,,not-on-source,,no goandrace listing in any crawl
Bedrock Valley Trail Marathon,"Hemet, CA 04/03/2027",CA,04/03/2027,,not-on-source,,no goandrace listing in any crawl
Virginia Creeper Marathon,"Abingdon, VA 04/04/2027",VA,04/04/2027,,not-on-source,,no goandrace listing in any crawl
Rockin K Trail Marathon,"Marquette, KS 04/04/2026",KS,04/04/2026,,not-on-source,,no goandrace listing in any crawl
Golden Gate Headlands Marathon,"Sausalito, CA 04/04/2026",CA,04/04/2026,,not-on-source,,no goandrace listing in any crawl
Modesto Marathon,"Modesto, CA 04/04/2027",CA,04/04/2027,,not-on-source,,no goandrace listing in any crawl
Bakersfield Marathon,"Bakersfield, CA 04/04/2027",CA,04/04/2027,,not-on-source,,no goandrace listing in any crawl
Coast Guard Marathon,"Elizabeth City, NC 04/04/2027",NC,04/04/2027,,not-on-source,,no goandrace listing in any crawl
Raquette River Marathon,"Potsdam, NY 04/04/2026",NY,04/04/2026,,not-on-source,,no goandrace listing in any crawl
Milano Marathon,"Milan, IT 04/04/2027",IT,04/04/2027,wizz-air-milano-marathon,in-db,https://www.goandrace.com/en/running-events/wizz-air-milano-marathon-2026.php,already imported from wizz-air-milano-marathon
Andrew Jackson Marathon,"Jackson, TN TBD",TN,TBD,,no-date,,"date is ""TBD"""
Milwaukee Marathon,"Milwaukee, WI 04/10/2027",WI,04/10/2027,milwaukee-marathon,in-db,,Milwaukee Marathon
New South Trail Marathon,"Charlotte, NC 04/10/2027",NC,04/10/2027,,not-on-source,,no goandrace listing in any crawl
Knoxville Marathon,"Knoxville, TN 04/11/2027",TN,04/11/2027,,not-on-source,,no goandrace listing in any crawl
Athens Marathon,"Athens, OH 04/11/2027",OH,04/11/2027,athens-marathon,in-db,,Athens Marathon
Martian Marathon,"Dearborn, MI 04/11/2026",MI,04/11/2026,,not-on-source,,no goandrace listing in any crawl
Horse Capital Marathon,"Lexington, KY 04/11/2026",KY,04/11/2026,capital-city-marathon,in-db,,Capital City Marathon
Coastal Delaware Running Festival Marathon,"Rehoboth Beach, DE 04/11/2027",DE,04/11/2027,coastal-delaware-marathon,in-db,,Coastal Delaware Marathon
Spring Chance BQ.2 Marathon,"Geneva, IL 04/11/2027",IL,04/11/2027,,not-on-source,,no goandrace listing in any crawl
Millbrook Marathon,"Millbrook, NY 04/11/2027",NY,04/11/2027,,not-on-source,,no goandrace listing in any crawl
Mo Marathon,"Perrysville, OH 04/11/2026",OH,04/11/2026,,not-on-source,,no goandrace listing in any crawl
London OH Marathon,"London, OH 04/11/2026",OH,04/11/2026,london-marathon,in-db,,London Marathon
Streakers Marathon,"Provo, UT 04/11/2026",UT,04/11/2026,,not-on-source,,no goandrace listing in any crawl
Philadelphia Trail Marathon,"Philadelphia, PA 04/11/2026",PA,04/11/2026,philadelphia-marathon,in-db,,Philadelphia Marathon
University of Charleston Marathon,"Charleston, WV 04/11/2027",WV,04/11/2027,,not-on-source,,no goandrace listing in any crawl
Vernonia Marathon,"Banks, OR 04/12/2026",OR,04/12/2026,,not-on-source,,no goandrace listing in any crawl
Paris Marathon,"Paris, FR 04/12/2026",FR,04/12/2026,paris-marathon,in-db,,Paris Marathon
Bend Marathon,"Bend, OR 04/12/2026",OR,04/12/2026,,not-on-source,,no goandrace listing in any crawl
Chasing Jefferson Davis Marathon,"Abbeville, GA 04/12/2025",GA,04/12/2025,,past-event,,listed 04/12/2025
Hogeye Marathon,"Springdale, AR 04/17/2027",AR,04/17/2027,hogeye-marathon,queued,https://www.goandrace.com/en/running-events/hogeye-marathon-2023-springdale.php,Hogeye Marathon 2023
Wenatchee Marathon,"Wenatchee, WA 04/17/2027",WA,04/17/2027,,not-on-source,,no goandrace listing in any crawl
Blue Ridge Marathon,"Roanoke, VA 04/17/2027",VA,04/17/2027,foot-levelers-blue-ridge-marathon,queued,https://www.goandrace.com/en/running-events/foot-levelers-blue-ridge-marathon-2026-roanoke.php,Foot Levelers Blue Ridge Marathon 2026
Horseshoe Lake Trail Run Marathon,"Palo Alto, CA 04/17/2027",CA,04/17/2027,,not-on-source,,no goandrace listing in any crawl
Carmel Marathon,"Carmel, IN 04/17/2027",IN,04/17/2027,carmel-marathon,in-db,,Carmel Marathon
Golden Driller Marathon,"Tulsa, OK 04/17/2027",OK,04/17/2027,,not-on-source,,no goandrace listing in any crawl
Newport Rhode Races Marathon,"Newport, RI 04/17/2027",RI,04/17/2027,newport-marathon,in-db,,Newport Marathon
Virginia Marathon,"Middleburg, VA 04/17/2027",VA,04/17/2027,,not-on-source,,no goandrace listing in any crawl
Bremerton Marathon,"Bremerton, WA 04/18/2026",WA,04/18/2026,,not-on-source,,no goandrace listing in any crawl
Eisenhower Marathon,"Abilene, KS 04/18/2026",KS,04/18/2026,eisenhower-marathon,in-db,,Eisenhower Marathon
Pine Line Trail Marathon,"Medford, WI 04/18/2026",WI,04/18/2026,,not-on-source,,no goandrace listing in any crawl
Delaware Marathon,"Wilmington, DE 04/18/2027",DE,04/18/2027,delaware-marathon,in-db,,Coastal Delaware Marathon
Mountains 2 Beach Marathon,"Ventura, CA 04/18/2027",CA,04/18/2027,,not-on-source,,no goandrace listing in any crawl
Greater Manchester Marathon,"Manchester, UK 04/18/2027",UK,04/18/2027,manchester-marathon,in-db,,Manchester Marathon
Brew City Marathon,"Milwaukee, WI 04/18/2026",WI,04/18/2026,brew-city-marathon,in-db,,Brew City Marathon
Jersey City Marathon,"Jersey City, NJ 04/18/2027",NJ,04/18/2027,,not-on-source,,no goandrace listing in any crawl
Run the River Marathon,"Kennewick, WA 04/18/2026",WA,04/18/2026,,not-on-source,,no goandrace listing in any crawl
Vienna City Marathon,"Vienna, AT 04/18/2027",AT,04/18/2027,vienna-city-marathon,in-db,,Vienna City Marathon
Washington State Marathon,"Seattle, WA 04/18/2027",WA,04/18/2027,,not-on-source,,no goandrace listing in any crawl
Boston Marathon,"Boston, MA 04/19/2027",MA,04/19/2027,boston,in-db,,Boston Marathon
Illinois Marathon,"Champaign-Urbana, IL 04/24/2027",IL,04/24/2027,christie-clinic-illinois-marathon,queued,https://www.goandrace.com/en/running-events/christie-clinic-illinois-marathon-2023-champaign.php,Christie Clinic Illinois Marathon 2023
Rock n Roll Nashville Marathon,"Nashville, TN 04/24/2027",TN,04/24/2027,,not-on-source,,no goandrace listing in any crawl
Kentucky Derby Festival Marathon,"Louisville, KY 04/24/2027",KY,04/24/2027,kentucky-derby-festival-marathon,in-db,,Kentucky Derby Festival Marathon
Salt Lake City Marathon,"Salt Lake City, UT 04/24/2027",UT,04/24/2027,salt-lake-city-marathon,queued,https://www.goandrace.com/en/running-events/salt-lake-city-marathon-2025-salt-lake-city.php,Salt Lake City Marathon 2025
Wisconsin Marathon,"Kenosha, WI 04/24/2027",WI,04/24/2027,wisconsin-marathon,queued,https://www.goandrace.com/en/running-events/wisconsin-marathon-2025-kenosha.php,Wisconsin Marathon 2025
Great Woods Marathon,"Mansfield, MA 04/24/2027",MA,04/24/2027,,not-on-source,,no goandrace listing in any crawl
Thelma and Louise Marathon,"Moab, UT 04/24/2027",UT,04/24/2027,thelma-and-louise-marathon,queued,https://www.goandrace.com/en/running-events/2026/04/thelma-and-louise-marathon-2026-moab.php,Thelma and Louise Marathon 2026
Kewash Marathon,"Washington, IA 04/24/2027",IA,04/24/2027,,not-on-source,,no goandrace listing in any crawl
Eugene Marathon,"Eugene, OR 04/25/2027",OR,04/25/2027,,not-on-source,,no goandrace listing in any crawl
Garmin Olathe Marathon,"Olathe, KS 04/25/2026",KS,04/25/2026,,not-on-source,,no goandrace listing in any crawl
Nauvoo Marathon,"Nauvoo, IL 04/25/2026",IL,04/25/2026,,not-on-source,,no goandrace listing in any crawl
Big Sur International Marathon,"Carmel, CA 04/25/2027",CA,04/25/2027,big-sur-marathon,in-db,,Big Sur Marathon
Mississauga Marathon,"Mississauga, ON 04/25/2027",ON,04/25/2027,beneva-mississauga-marathon,queued,https://www.goandrace.com/en/running-events/beneva-mississauga-marathon-2024.php,Beneva Mississauga Marathon
Gopher Attack Marathon,"Regina, SK 04/25/2027",SK,04/25/2027,,not-on-source,,no goandrace listing in any crawl
Frisco Marathon,"Willard, MO 04/25/2026",MO,04/25/2026,,not-on-source,,no goandrace listing in any crawl
Oklahoma City Memorial Marathon,"Oklahoma City, OK 04/25/2027",OK,04/25/2027,oklahoma-city-memorial-marathon,in-db,,Oklahoma City Memorial Marathon
Glass City Marathon,"Toledo, OH 04/25/2027",OH,04/25/2027,,not-on-source,,no goandrace listing in any crawl
Maui Marathon,"Kaanapali, HI 04/25/2027",HI,04/25/2027,maui-oceanfront-marathon,in-db,,Maui Oceanfront Marathon
Trail Marathon,"Pinckney, MI 04/25/2026",MI,04/25/2026,leadville-trail-marathon,in-db,,Leadville Trail Marathon
Gettysburg North-South Marathon,"Gettysburg, PA 04/25/2027",PA,04/25/2027,,not-on-source,,no goandrace listing in any crawl
Kalamazoo Marathon,"Kalamazoo, MI 04/25/2027",MI,04/25/2027,,not-on-source,,no goandrace listing in any crawl
Run with Scissors Marathon,"Brighton, CO 04/25/2026",CO,04/25/2026,,not-on-source,,no goandrace listing in any crawl
Connemara International Marathon,"Galway, IE 04/25/2027",IE,04/25/2027,,not-on-source,,no goandrace listing in any crawl
London Marathon,"London, UK 04/25/2027",UK,04/25/2027,london,in-db,,London Marathon
Hamburg Marathon,"Hamburg, GR 04/25/2027",GR,04/25/2027,hamburg-marathon,in-db,,Hamburg Marathon
St. Lawrence Marathon,"Cornwall, ON 04/25/2026",ON,04/25/2026,,not-on-source,,no goandrace listing in any crawl
Jim Thorpe Marathon,"Jim Thorpe, PA 04/25/2027",PA,04/25/2027,,not-on-source,,no goandrace listing in any crawl
Non Cancelled Marathon,"Oconomowoc, WI 04/25/2026",WI,04/25/2026,,not-on-source,,no goandrace listing in any crawl
Cedar Rapids Marathon,"Cedar Rapids, IA 04/25/2027",IA,04/25/2027,,not-on-source,,no goandrace listing in any crawl
Valley Thaw Out Races Marathon,"Palmer, AK 04/25/2026",AK,04/25/2026,,not-on-source,,no goandrace listing in any crawl
Whidbey Island Marathon,"Oak Harbor, WA 04/26/2026",WA,04/26/2026,,not-on-source,,no goandrace listing in any crawl
Backside Trail Marathon,"Louisville, KY 04/27/2025",KY,04/27/2025,,past-event,,listed 04/27/2025
Alexander the Great Marathon,"Pella, GC 04/26/2026",GC,04/26/2026,alexander-the-great-marathon,in-db,,Alexander the Great Marathon
Tidewater Strider Marathon,"Chesapeake, VA 04/26/2026",VA,04/26/2026,,not-on-source,,no goandrace listing in any crawl
2Slow4Boston Marathon,"Greer, SC 04/26/2026",SC,04/26/2026,,not-on-source,,no goandrace listing in any crawl
Run the Rock Marathon,"Janesville, WI 04/26/2026",WI,04/26/2026,rock-n-roll-san-diego-marathon,in-db,,Rock 'n' Roll San Diego Marathon
Pioneer Marathon,"Colby, KS 04/26/2025",KS,04/26/2025,,past-event,,listed 04/26/2025
Fort Wayne Marathon,"Fort Wayne, IN 04/26/2026",IN,04/26/2026,,not-on-source,,no goandrace listing in any crawl
MV Spring Classic Marathon,"Marthas Vineyard, MA 04/26/2026",MA,04/26/2026,,not-on-source,,no goandrace listing in any crawl
Shiprock Marathon,"Shiprock, NM 05/01/2027",NM,05/01/2027,,not-on-source,,no goandrace listing in any crawl
Farm Park Marathon,"Derwood, MD 05/01/2027",MD,05/01/2027,,not-on-source,,no goandrace listing in any crawl
IronHorse Marathon,"Riceville, IA 05/01/2027",IA,05/01/2027,,not-on-source,,no goandrace listing in any crawl
Great Allegheny Ohiopyle Marathon,"Ohiopyle, PA 05/01/2027",PA,05/01/2027,,not-on-source,,no goandrace listing in any crawl
Flying Pig Marathon,"Cincinnati, OH 05/02/2027",OH,05/02/2027,cincinnati-flying-pig-marathon,in-db,,Cincinnati Flying Pig Marathon
OC Marathon,"Costa Mesa, CA 05/02/2027",CA,05/02/2027,,not-on-source,,no goandrace listing in any crawl
Toronto Marathon,"Toronto, ON 05/02/2027",ON,05/02/2027,toronto-marathon,queued,https://www.goandrace.com/en/running-events/toronto-marathon-2025-toronto.php,Toronto Marathon 2025
Pittsburgh Marathon,"Pittsburgh, PA 05/02/2027",PA,05/02/2027,pittsburgh-marathon,in-db,,Pittsburgh Marathon
Brainerd Jaycees Run for the Lakes Marathon,"Nisswa, MN 05/02/2026",MN,05/02/2026,,not-on-source,,no goandrace listing in any crawl
Tacoma City Marathon,"Tacoma, WA 05/02/2027",WA,05/02/2027,,not-on-source,,no goandrace listing in any crawl
Colorado Marathon,"Fort Collins, CO 05/02/2027",CO,05/02/2027,colorado-marathon,in-db,,Colorado Marathon
Wild West Marathon,"Lone Pine, CA 05/02/2026",CA,05/02/2026,,not-on-source,,no goandrace listing in any crawl
Potomac River Run Marathon,"Washington, DC 05/02/2026",DC,05/02/2026,,not-on-source,,no goandrace listing in any crawl
Lincoln Marathon,"Lincoln, NE 05/02/2027",NE,05/02/2027,lincoln-marathon,in-db,,Lincoln Marathon
Eau Claire Marathon,"Eau Claire, WI 05/02/2027",WI,05/02/2027,,not-on-source,,no goandrace listing in any crawl
Avenue of the Giants Marathon,"Weott, CA 05/02/2027",CA,05/02/2027,,not-on-source,,no goandrace listing in any crawl
Chicagoland Spring Marathon,"Schaumburg, IL 05/02/2027",IL,05/02/2027,chicagoland-spring-marathon,in-db,,Chicagoland Spring Marathon
Maine Coast Marathon,"Wells, ME 05/02/2027",ME,05/02/2027,,not-on-source,,no goandrace listing in any crawl
La Crosse Marathon,"La Crosse, WI 05/02/2026",WI,05/02/2026,,not-on-source,,no goandrace listing in any crawl
Boise River Marathon,"Boise, ID 05/02/2027",ID,05/02/2027,,not-on-source,,no goandrace listing in any crawl
Hudson Valley Marathon at the Walkway Over the Hudson,"Highland, NY 05/02/2027",NY,05/02/2027,,not-on-source,,no goandrace listing in any crawl
Providence Rhode Races Marathon,"Providence, RI 05/02/2027",RI,05/02/2027,,not-on-source,,no goandrace listing in any crawl
Garmin Durham Marathon,"Durham, NC 05/02/2026",NC,05/02/2026,,not-on-source,,no goandrace listing in any crawl
Vancouver Marathon,"Vancouver, BC 05/03/2026",BC,05/03/2026,vancouver-marathon,in-db,,Vancouver Marathon
Walter Childs Memorial Race of Champions Marathon,"Holyoke, MA 05/03/2026",MA,05/03/2026,,not-on-source,,no goandrace listing in any crawl
Long Island Marathon,"East Meadow, NY 05/03/2026",NY,05/03/2026,jovia-long-island-marathon-festival-of-races,queued,https://www.goandrace.com/en/running-events/jovia-long-island-marathon-festival-of-races-2024-east-meadow.php,Jovia Long Island Marathon Festival of Races
York Marathon,"York, PA 05/03/2026",PA,05/03/2026,new-york-city-marathon,in-db,,New York City Marathon
Charles River Marathon,"Boston, MA 05/03/2026",MA,05/03/2026,,not-on-source,,no goandrace listing in any crawl
Sombrero Marathon,"Santa Clarita, CA 05/03/2026",CA,05/03/2026,,not-on-source,,no goandrace listing in any crawl
Georgina Spring Fling Marathon,"Georgina, ON 05/03/2026",ON,05/03/2026,,not-on-source,,no goandrace listing in any crawl
Belfast City Marathon,"Belfast, IE 05/03/2026",IE,05/03/2026,belfast-marathon,in-db,,Belfast Marathon
Lake Wobegon Trail Marathon,"St. Joseph, MN 05/08/2027",MN,05/08/2027,,not-on-source,,no goandrace listing in any crawl
Maple Leaf Marathon,"Fairlee, VT 05/08/2026",VT,05/08/2026,,not-on-source,,no goandrace listing in any crawl
Fredericton Marathon,"Fredericton, NB 05/09/2027",NB,05/09/2027,,not-on-source,,no goandrace listing in any crawl
Grizzly Peak Trail Run Marathon,"Berkeley, CA 05/09/2026",CA,05/09/2026,,not-on-source,,no goandrace listing in any crawl
Starved Rock Country Marathon,"Ottawa, IL 05/09/2026",IL,05/09/2026,,not-on-source,,no goandrace listing in any crawl
Granite State Marathon,"Nashua, NH 05/09/2026",NH,05/09/2026,,not-on-source,,no goandrace listing in any crawl
Copenhagen Marathon,"Copenhagen, DK 05/09/2027",DK,05/09/2027,copenhagen-marathon,queued,https://www.goandrace.com/en/running-events/copenhagen-marathon-2024-copenhagen.php,Copenhagen marathon
Pine Tree Marathon,"Portland, ME 05/10/2026",ME,05/10/2026,,not-on-source,,no goandrace listing in any crawl
Wildflower Trail Races Marathon,"Bastrop, TX 05/10/2026",TX,05/10/2026,,not-on-source,,no goandrace listing in any crawl
Famous Idaho Potato Marathon,"Boise, ID 05/15/2027",ID,05/15/2027,,not-on-source,,no goandrace listing in any crawl
Beach to Bay Marathon,"Corpus Christi, TX 05/15/2027",TX,05/15/2027,,not-on-source,,no goandrace listing in any crawl
Cleveland Marathon,"Cleveland, OH 05/16/2027",OH,05/16/2027,cleveland-marathon,in-db,,Cleveland Marathon
Windermere Marathon,"Spokane, WA 05/16/2027",WA,05/16/2027,windermere-marathon,in-db,,Windermere Marathon
Ogden Marathon,"Ogden, UT 05/16/2026",UT,05/16/2026,ogden-marathon,in-db,,Ogden Marathon
Berryman Marathon,"Potosi, MO 05/16/2026",MO,05/16/2026,,not-on-source,,no goandrace listing in any crawl
Colfax Marathon,"Denver, CO 05/16/2027",CO,05/16/2027,denver-colfax-marathon,in-db,,Denver Colfax Marathon
Dances with Dirt Marathon - Indiana,"Gnaw Bone, IN 05/16/2026",IN,05/16/2026,,not-on-source,,no goandrace listing in any crawl
Sehgahunda Trail Marathon,"Hunt, NY 05/16/2026",NY,05/16/2026,,not-on-source,,no goandrace listing in any crawl
New River Marathon,"Fleetwood, NC 05/16/2026",NC,05/16/2026,,not-on-source,,no goandrace listing in any crawl
Timp Trail Marathon,"Orem, UT 05/16/2026",UT,05/16/2026,,not-on-source,,no goandrace listing in any crawl
Three Days at the Fair Marathon (Spring),"Augusta, NJ 05/16/2027",NJ,05/16/2027,,not-on-source,,no goandrace listing in any crawl
Madeline Island Marathon,"La Pointe, WI 05/16/2026",WI,05/16/2026,,not-on-source,,no goandrace listing in any crawl
Epic Marathon,"Green Bay, WI 05/16/2027",WI,05/16/2027,,not-on-source,,no goandrace listing in any crawl
Guernsey County Crossroads Marathon,"Cambridge, OH 05/16/2026",OH,05/16/2026,,not-on-source,,no goandrace listing in any crawl
Sugarloaf Marathon,"Kingfield, ME 05/17/2026",ME,05/17/2026,sugarloaf-marathon,in-db,,Sugarloaf Marathon
Woodys RV World Marathon,"Red Deer, AB 05/17/2026",AB,05/17/2026,,not-on-source,,no goandrace listing in any crawl
Capital City Marathon,"Olympia, WA 05/17/2026",WA,05/17/2026,capital-city-marathon,in-db,,Capital City Marathon
Med City Marathon,"Rochester, MN 05/17/2026",MN,05/17/2026,,not-on-source,,no goandrace listing in any crawl
Armed Services Marathon,"Grand Haven, MI 05/17/2026",MI,05/17/2026,,not-on-source,,no goandrace listing in any crawl
Steel Rail Marathon,"Pittsfield, MA 05/17/2026",MA,05/17/2026,,not-on-source,,no goandrace listing in any crawl
Revel Reno Tahoe Marathon,"Reno, NV 05/17/2026",NV,05/17/2026,,not-on-source,,no goandrace listing in any crawl
Fargo Marathon,"Fargo, ND 05/22/2027",ND,05/22/2027,essentia-health-fargo-marathon,queued,https://www.goandrace.com/en/running-events/2026/05/essentia-health-fargo-marathon-2026.php,Essentia Health Fargo Marathon 2026
Whitefish Marathon,"Whitefish, MT 05/22/2027",MT,05/22/2027,,not-on-source,,no goandrace listing in any crawl
Blue Nose Marathon,"Halifax, NS 05/23/2027",NS,05/23/2027,,not-on-source,,no goandrace listing in any crawl
Prince of Wales Island Marathon,"Craig, AK 05/23/2026",AK,05/23/2026,prince-of-wales-island-international-marathon,queued,https://www.goandrace.com/en/running-events/prince-of-wales-island-international-marathon-2025-craig.php,Prince of Wales Island International Marathon 2025
Beaverhead Marathon,"Dillon, MT 05/23/2026",MT,05/23/2026,,not-on-source,,no goandrace listing in any crawl
Cape Town Marathon,"Cape Town, ZA 05/23/2027",ZA,05/23/2027,cape-town-marathon,in-db,,Cape Town Marathon
Sudbury Rocks Marathon,"Sudbury, ON 05/24/2026",ON,05/24/2026,,not-on-source,,no goandrace listing in any crawl
Wyoming Marathon,"Laramie, WY 05/24/2026",WY,05/24/2026,,not-on-source,,no goandrace listing in any crawl
Northwoods Escape Marathon,"Minocqua, WI 05/24/2026",WI,05/24/2026,minocqua-northwoods-escape-marathon,in-db,,Minocqua Northwoods Escape Marathon
Bayshore Marathon,"Traverse City, MI 05/29/2027",MI,05/29/2027,bayshore-marathon,in-db,,Bayshore Marathon
Old Colony Marathon,"Springfield, MA 05/29/2026",MA,05/29/2026,,not-on-source,,no goandrace listing in any crawl
Stockholm Marathon,"Stockholm, SE 05/29/2027",SE,05/29/2027,stockholm-marathon,in-db,,Stockholm Marathon
Mud Mountain Dam (Spring) Marathon,"Enumclaw, WA 05/29/2027",WA,05/29/2027,,not-on-source,,no goandrace listing in any crawl
Vermont City Marathon,"Burlington, VT 05/30/2027",VT,05/30/2027,vermont-city-marathon,in-db,,Vermont City Marathon
Calgary Marathon,"Calgary, AB 05/30/2027",AB,05/30/2027,calgary-marathon,in-db,,Calgary Marathon
Ottawa Marathon,"Ottawa, ON 05/30/2027",ON,05/30/2027,tamarack-ottawa-race-weekend,queued,https://www.goandrace.com/en/running-events/tamarack-ottawa-race-weekend-2025.php,Tamarack Ottawa Race Weekend 2025
Saskatchewan Marathon,"Saskatoon, SK 05/30/2027",SK,05/30/2027,saskatchewan-marathon,queued,https://www.goandrace.com/en/running-events/2026/05/saskatchewan-marathon-2026-saskatoon.php,Saskatchewan Marathon 2026
Coeur d Alene Marathon,"Coeur d' Alene, ID 05/30/2027",ID,05/30/2027,coeur-d-alene-marathon,in-db,,Coeur d'Alene Marathon
Buffalo Marathon,"Buffalo, NY 05/30/2027",NY,05/30/2027,buffalo-marathon,queued,https://www.goandrace.com/en/running-events/2026/05/buffalo-marathon-2026.php,Buffalo Marathon 2026
Edinburgh Marathon,"Edinburgh, UK 05/30/2027",UK,05/30/2027,edinburgh-marathon,in-db,,Edinburgh Marathon
Nutmeg State Marathon,"Hartford, CT 05/30/2026",CT,05/30/2026,,not-on-source,,no goandrace listing in any crawl
Course des Pompiers Marathon,"Laval, QC 05/30/2027",QC,05/30/2027,,not-on-source,,no goandrace listing in any crawl
Conquer the Cove Trail Marathon,"Roanoke, VA 05/31/2026",VA,05/31/2026,,not-on-source,,no goandrace listing in any crawl
Red Island Marathon,"Warwick, RI 05/31/2026",RI,05/31/2026,,not-on-source,,no goandrace listing in any crawl
Bear Lake Wyoming Marathon,"Cokeville, WY 06/04/2026",WY,06/04/2026,,not-on-source,,no goandrace listing in any crawl
Utah Valley Marathon,"Provo, UT 06/05/2027",UT,06/05/2027,utah-valley-marathon,in-db,,Utah Valley Marathon
Newport Marathon (OR),"Newport, OR 06/05/2027",OR,06/05/2027,newport-marathon,in-db,,Newport Marathon
Bear Lake Idaho Marathon,"Bear Lake, ID 06/05/2026",ID,06/05/2026,bear-lake-trifecta-idaho,no-course-map,https://www.goandrace.com/en/running-events/2026/06/bear-lake-trifecta-idaho-2026-st-charles.php,event page links no course map
MISH Waterfront Marathon,"Gladstone, MI 06/05/2027",MI,06/05/2027,,not-on-source,,no goandrace listing in any crawl
Rock n Roll San Diego Marathon,"San Diego, CA 06/06/2027",CA,06/06/2027,rock-n-roll-san-diego-marathon,in-db,,Rock 'n' Roll San Diego Marathon
Steamboat Marathon,"Steamboat Springs, CO 06/06/2027",CO,06/06/2027,,not-on-source,,no goandrace listing in any crawl
Green River Marathon,"Kent, WA 06/06/2026",WA,06/06/2026,,not-on-source,,no goandrace listing in any crawl
Gods Country Marathon Race Series,"Galeton, PA 06/06/2026",PA,06/06/2026,,not-on-source,,no goandrace listing in any crawl
Teton Dam Marathon,"Rexburg, ID 06/06/2026",ID,06/06/2026,,not-on-source,,no goandrace listing in any crawl
Bear Lake Utah Marathon,"Garden City, UT 06/06/2026",UT,06/06/2026,bear-lake-trifecta-utah,in-db,https://www.goandrace.com/en/running-events/2026/06/bear-lake-trifecta-utah-2026-garden-city.php,already imported from bear-lake-trifecta-utah
Timberline Marathon,"Timothy Lake, OR 06/06/2026",OR,06/06/2026,,not-on-source,,no goandrace listing in any crawl
1/2 Sauer 1/2 Kraut Marathon,"Philadelphia, PA 06/06/2026",PA,06/06/2026,,not-on-source,,no goandrace listing in any crawl
Race the Lake Marathon,"Cooperstown, NY 06/06/2026",NY,06/06/2026,bear-lake-trifecta,in-db,,Bear Lake Trifecta
Bear Paw Marathon,"Havre, MT 06/06/2026",MT,06/06/2026,,not-on-source,,no goandrace listing in any crawl
Aruba Marathon,"Noord, AA 06/06/2027",AA,06/06/2027,klm-aruba-marathon,queued,https://www.goandrace.com/en/running-events/klm-aruba-marathon-2024-eagle-beach.php,KLM Aruba Marathon
Williston Marathon,"Williston, ND 06/06/2026",ND,06/06/2026,,not-on-source,,no goandrace listing in any crawl
Drumheller Marathon,"Seattle, WA 06/06/2026",WA,06/06/2026,,not-on-source,,no goandrace listing in any crawl
Sevier Valley Marathon,"Richfield, UT 06/06/2026",UT,06/06/2026,,not-on-source,,no goandrace listing in any crawl
Cork City Marathon,"Cork, IE 06/06/2027",IE,06/06/2027,cork-city-marathon,queued,https://www.goandrace.com/en/running-events/cork-city-marathon-2024-cork.php,Cork City Marathon 2024
Casper Marathon,"Casper, WY 06/07/2026",WY,06/07/2026,casper-marathon,in-db,,Casper Marathon
North Olympic Discovery Marathon,"Port Angeles, WA 06/07/2026",WA,06/07/2026,north-olympic-discovery-marathon,in-db,,North Olympic Discovery Marathon
Deadwood-Mickelson Trail Marathon,"Deadwood, SD 06/07/2026",SD,06/07/2026,,not-on-source,,no goandrace listing in any crawl
Light at the End of the Tunnel Marathon,"North Bend, WA 06/07/2026",WA,06/07/2026,,not-on-source,,no goandrace listing in any crawl
Maritime Marathon,"Manitowoc, WI 06/07/2026",WI,06/07/2026,,not-on-source,,no goandrace listing in any crawl
Baie-des-Chaleurs Marathon,"Carleton, QC 06/07/2026",QC,06/07/2026,marathon-baie-des-chaleurs,queued,https://www.goandrace.com/en/running-events/marathon-baie-des-chaleurs-2024-carleton-sur-mer.php,Marathon Baie-des-Chaleurs
Seaside Marathon,"Ventura, CA 06/07/2026",CA,06/07/2026,,not-on-source,,no goandrace listing in any crawl
Great Bangor Marathon,"Bangor, ME 06/07/2026",ME,06/07/2026,,not-on-source,,no goandrace listing in any crawl
Rio Marathon,"Rio de Janeiro, BR 06/07/2026",BR,06/07/2026,rio-de-janeiro-marathon,in-db,,Rio de Janeiro Marathon
Hatfield-McCoy Marathon,"Williamson, WV 06/12/2027",WV,06/12/2027,,not-on-source,,no goandrace listing in any crawl
Skagway Marathon,"Skagway, AK 06/13/2026",AK,06/13/2026,,not-on-source,,no goandrace listing in any crawl
Super Hyak Marathon,"North Bend, WA 06/13/2026",WA,06/13/2026,,not-on-source,,no goandrace listing in any crawl
Jackson River Scenic Trail Marathon,"Covington, VA 06/13/2026",VA,06/13/2026,,not-on-source,,no goandrace listing in any crawl
Moosehead Marathon,"Greenville, ME 06/13/2027",ME,06/13/2027,,not-on-source,,no goandrace listing in any crawl
Zip Code 07662 Marathon,"Rochelle Park, NJ 06/13/2026",NJ,06/13/2026,,not-on-source,,no goandrace listing in any crawl
Wicked Fast (CA) Marathon,"El Cajon, CA 06/13/2026",CA,06/13/2026,,not-on-source,,no goandrace listing in any crawl
Lake Placid Marathon,"Lake Placid, NY 06/14/2026",NY,06/14/2026,,not-on-source,,no goandrace listing in any crawl
Bound for Boston (Seattle) Marathon,"Olympia, WA 06/14/2026",WA,06/14/2026,boston-marathon,in-db,,Boston Marathon
XCelsior Marathon,"Valley Cottage,, NY 06/14/2026",NY,06/14/2026,,not-on-source,,no goandrace listing in any crawl
Mayors Marathon,"Anchorage, AK 06/20/2026",AK,06/20/2026,,not-on-source,,no goandrace listing in any crawl
Grandmas Marathon,"Duluth, MN 06/19/2027",MN,06/19/2027,grandmas-marathon,in-db,,
Niagara Ultra Races Marathon,"Niagara-on-the-Lake, ON 06/20/2026",ON,06/20/2026,,not-on-source,,no goandrace listing in any crawl
Boise Marathon,"Boise, ID 06/20/2026",ID,06/20/2026,,not-on-source,,no goandrace listing in any crawl
Two Hearted Trail Marathon,"Paradise, MI 06/20/2026",MI,06/20/2026,,not-on-source,,no goandrace listing in any crawl
Orange Curtain Marathon,"Cerritos, CA 06/20/2026",CA,06/20/2026,,not-on-source,,no goandrace listing in any crawl
Community Strong Weekend Marathon,"Sault Ste. Marie, ON 06/21/2026",ON,06/21/2026,,not-on-source,,no goandrace listing in any crawl
Estes Park Marathon,"Estes Park, CO 06/21/2026",CO,06/21/2026,estes-park-marathon,in-db,,Estes Park Marathon
Manitoba Marathon,"Winnipeg, MB 06/21/2026",MB,06/21/2026,manitoba-marathon,queued,https://www.goandrace.com/en/running-events/manitoba-marathon-2024-winnipeg.php,Manitoba Marathon
Charlevoix Marathon,"Charlevoix, MI 06/20/2026",MI,06/20/2026,,not-on-source,,no goandrace listing in any crawl
Bay of Fundy Marathon,"Lubec , ME 06/21/2026",ME,06/21/2026,,not-on-source,,no goandrace listing in any crawl
Running with the Devil Marathon,"Las Vegas, NV 06/27/2026",NV,06/27/2026,,not-on-source,,no goandrace listing in any crawl
Leadville Trail Marathon,"Leadville, CO 06/27/2026",CO,06/27/2026,leadville-trail-marathon,in-db,,Leadville Trail Marathon
Missoula Marathon,"Missoula, MT 06/27/2027",MT,06/27/2027,missoula-marathon,in-db,,Missoula Marathon
Morgan Valley Marathon,"Morgan, UT 06/27/2026",UT,06/27/2026,,not-on-source,,no goandrace listing in any crawl
Foot Traffic Flat Marathon,"Portland, OR 07/04/2027",OR,07/04/2027,foot-traffic-flat-marathon,in-db,,Foot Traffic Flat Marathon
Kona Marathon,"Kailua-Kona, HI 07/04/2026",HI,07/04/2026,,not-on-source,,no goandrace listing in any crawl
Gold Coast Marathon,"Southport, AU 07/05/2026",AU,07/05/2026,asics-gold-coast-marathon,queued,https://www.goandrace.com/en/running-events/2026/07/asics-gold-coast-marathon-2026-southport.php,ASICS Gold Coast Marathon 2026
Eugene Curnow Trail Marathon,"Duluth, MN 07/11/2026",MN,07/11/2026,,not-on-source,,no goandrace listing in any crawl
Madison Marathon (Montana),"Ennis, MT 07/11/2026",MT,07/11/2026,,not-on-source,,no goandrace listing in any crawl
Dances with Dirt Marathon - Devils Lake,"Baraboo, WI 07/11/2026",WI,07/11/2026,,not-on-source,,no goandrace listing in any crawl
San Lorenzo River Marathon,"Santa Cruz, CA 07/11/2026",CA,07/11/2026,,not-on-source,,no goandrace listing in any crawl
Waugoshance Trail Marathon,"Mackinaw City, MI 07/11/2026",MI,07/11/2026,,not-on-source,,no goandrace listing in any crawl
Mad Marathon,"Waitsfield, VT 07/12/2026",VT,07/12/2026,,not-on-source,,no goandrace listing in any crawl
Big Sky Marathon,"Varney, MT 07/12/2026",MT,07/12/2026,,not-on-source,,no goandrace listing in any crawl
Shoreline Marathon,"Ventura, CA 07/12/2026",CA,07/12/2026,,not-on-source,,no goandrace listing in any crawl
Great Augusta Marathon,"Augusta, ME 07/12/2026",ME,07/12/2026,,not-on-source,,no goandrace listing in any crawl
Mesa Falls Marathon,"Ashton, ID 07/18/2026",ID,07/18/2026,mesa-marathon,in-db,,Mesa Marathon
King Salmon Marathon,"Cordova, AK 07/18/2026",AK,07/18/2026,,not-on-source,,no goandrace listing in any crawl
Totem to Totem Marathon,"Skidegate, BC 07/18/2026",BC,07/18/2026,,not-on-source,,no goandrace listing in any crawl
Nova Scotia Marathon,"Barrington, NS 07/19/2026",NS,07/19/2026,,not-on-source,,no goandrace listing in any crawl
Ruidoso Marathon,"Ruidoso, NM 09/19/2026",NM,09/19/2026,,not-on-source,,no goandrace listing in any crawl
Deseret News Marathon,"Salt Lake City, UT 07/24/2026",UT,07/24/2026,deseret-news-marathon,in-db,,Deseret News Marathon
Aspen Valley Marathon,"Basalt, CO 07/25/2026",CO,07/25/2026,aspen-valley-marathon,in-db,,Aspen Valley Marathon
Run the Pier Marathon,"Manistee, MI 07/24/2027",MI,07/24/2027,,not-on-source,,no goandrace listing in any crawl
Grand Island Trail Marathon,"Munising, MI 07/25/2026",MI,07/25/2026,,not-on-source,,no goandrace listing in any crawl
Juneau Marathon,"Juneau, AK 07/25/2026",AK,07/25/2026,,not-on-source,,no goandrace listing in any crawl
Idaho Falls Marathon,"Idaho Falls, ID 07/25/2026",ID,07/25/2026,,not-on-source,,no goandrace listing in any crawl
Conquer the Canyon Marathon,"Wellsboro, PA 07/24/2027",PA,07/24/2027,,not-on-source,,no goandrace listing in any crawl
Jack and Jills Downhill Marathon (Saturday),"North Bend, WA 07/25/2026",WA,07/25/2026,,not-on-source,,no goandrace listing in any crawl
Xenia Avenue Marathon,"Brooklyn Park, MN 07/25/2026",MN,07/25/2026,,not-on-source,,no goandrace listing in any crawl
Run for the Elk Marathon,"Emporium, PA 07/25/2027",PA,07/25/2027,,not-on-source,,no goandrace listing in any crawl
Austin Solstice Circuit Marathon,"Spicewood, TX 07/25/2026",TX,07/25/2026,austin-marathon,in-db,,Austin Marathon
San Francisco Marathon,"San Francisco, CA 07/26/2026",CA,07/26/2026,san-francisco-marathon,in-db,,San Francisco Marathon
Jack and Jills Downhill Marathon,"North Bend, WA 07/26/2026",WA,07/26/2026,,not-on-source,,no goandrace listing in any crawl
Extraterrestrial Full Moon Midnight Marathon,"Rachel, NV 08/01/2026",NV,08/01/2026,,not-on-source,,no goandrace listing in any crawl
Hatcher Pass Marathon,"Willow, AK 08/01/2026",AK,08/01/2026,,not-on-source,,no goandrace listing in any crawl
Moorehead Park Trail Mazathon,"Ida Grove, IA 08/01/2026",IA,08/01/2026,,not-on-source,,no goandrace listing in any crawl
Valentine Marathon,"Valentine, NE 08/01/2026",NE,08/01/2026,,not-on-source,,no goandrace listing in any crawl
Yukon River Trail Marathon,"Whitehorse, YT 08/02/2026",YT,08/02/2026,,not-on-source,,no goandrace listing in any crawl
Camarillo Marathon,"Camarillo, CA 08/02/2026",CA,08/02/2026,,not-on-source,,no goandrace listing in any crawl
Bound for Boston (Denver) Marathon,"Denver, CO 08/02/2026",CO,08/02/2026,boston-marathon,in-db,,Boston Marathon
Paavo Marathon,"Hurley, WI 08/08/2026",WI,08/08/2026,,not-on-source,,no goandrace listing in any crawl
Haulin Aspen Trail Marathon,"Bend, OR 08/08/2026",OR,08/08/2026,,not-on-source,,no goandrace listing in any crawl
Skyline Mountain Marathon,"Eden, UT 08/08/2026",UT,08/08/2026,,not-on-source,,no goandrace listing in any crawl
Crater Lake Marathon,"Crater Lake, OR 08/09/2025",OR,08/09/2025,,past-event,,listed 08/09/2025
Bearfest Marathon,"Wrangell, AK 08/09/2026",AK,08/09/2026,,not-on-source,,no goandrace listing in any crawl
Humboldt Bay Marathon,"Eureka, CA 08/09/2026",CA,08/09/2026,,not-on-source,,no goandrace listing in any crawl
Tunnel Vision Marathon,"North Bend, WA 08/09/2026",WA,08/09/2026,,not-on-source,,no goandrace listing in any crawl
Great Waterville Marathon,"Waterville, ME 08/09/2026",ME,08/09/2026,,not-on-source,,no goandrace listing in any crawl
Drake Well Marathon,"Titusville, PA 08/15/2026",PA,08/15/2026,,not-on-source,,no goandrace listing in any crawl
Run with the Horses Marathon,"Green River, WY 08/15/2026",WY,08/15/2026,,not-on-source,,no goandrace listing in any crawl
Med Bow Rail Marathon,"Laramie, WY 08/15/2026",WY,08/15/2026,,not-on-source,,no goandrace listing in any crawl
Boulder Rez Marathon,"Boulder, CO 08/15/2026",CO,08/15/2026,,not-on-source,,no goandrace listing in any crawl
Wicked Fast (MT) Marathon,"Pine Creek, MT 08/15/2026",MT,08/15/2026,,not-on-source,,no goandrace listing in any crawl
Humpys Marathon,"Anchorage, AK 08/16/2026",AK,08/16/2026,,not-on-source,,no goandrace listing in any crawl
Edmonton Marathon,"Edmonton, AB 08/16/2026",AB,08/16/2026,,not-on-source,,no goandrace listing in any crawl
Moose Mountain (Alberta) Marathon,"Bragg Creek, AB 08/22/2026",AB,08/22/2026,,not-on-source,,no goandrace listing in any crawl
Reykjavik Marathon,"Reykjavik, IS 08/22/2026",IS,08/22/2026,islandsbanki-reykjavik-marathon,queued,https://www.goandrace.com/en/running-events/islandsbanki-reykjavik-marathon-2023.php,Islandsbanki Reykjavik Marathon 2023
Staunton Rocks! Marathon,"Pine, CO 08/22/2026",CO,08/22/2026,,not-on-source,,no goandrace listing in any crawl
Leading Ladies Marathon,"Spearfish, SD 08/23/2026",SD,08/23/2026,,not-on-source,,no goandrace listing in any crawl
Santa Rosa Marathon,"Santa Rosa, CA 08/23/2026",CA,08/23/2026,santa-rosa-marathon,queued,https://www.goandrace.com/en/running-events/santa-rosa-marathon-2025-santa-rosa.php,Santa Rosa Marathon 2025
Yellowknife Overlander Marathon,"Yellowknife, NT 08/23/2026",NT,08/23/2026,,not-on-source,,no goandrace listing in any crawl
Wausau Marathon,"Wausau, WI 08/23/2026",WI,08/23/2026,,not-on-source,,no goandrace listing in any crawl
New England Green River Marathon,"Greenfield, MA 08/23/2026",MA,08/23/2026,,not-on-source,,no goandrace listing in any crawl
Bound for Boston (Milwaukee) Marathon,"Menomonee Falls, WI 08/23/2026",WI,08/23/2026,boston-marathon,in-db,,Boston Marathon
Sri Chinmoy Marathon,"Congers, NY 08/24/2026",NY,08/24/2026,,not-on-source,,no goandrace listing in any crawl
North Country Trail Marathon,"Manistee National Forest, MI 08/29/2026",MI,08/29/2026,,not-on-source,,no goandrace listing in any crawl
Runtastic NEBO Marathon,"Payson, UT 08/29/2026",UT,08/29/2026,,not-on-source,,no goandrace listing in any crawl
Nebraska State Fair Marathon,"Grand Island, NE 08/29/2026",NE,08/29/2026,,not-on-source,,no goandrace listing in any crawl
East Canyon Marathon,"Morgan, UT 08/29/2026",UT,08/29/2026,,not-on-source,,no goandrace listing in any crawl
Monster Trail Marathon,"Virgil, NY 08/30/2026",NY,08/30/2026,,not-on-source,,no goandrace listing in any crawl
Mexico City Marathon,"Mexico City, MX 08/30/2026",MX,08/30/2026,,not-on-source,,no goandrace listing in any crawl
Appletree Marathon,"Vancouver, WA 08/30/2026",WA,08/30/2026,appletree-marathon,in-db,,Appletree Marathon
Sydney Marathon,"Sydney, AU 08/30/2026",AU,08/30/2026,sydney,in-db,,Sydney Marathon
Millennium Meadows Marathon,"Grand Rapids, MI 08/30/2026",MI,08/30/2026,,not-on-source,,no goandrace listing in any crawl
Moonlight on the Falls Marathon,"Davis, WV 08/30/2026",WV,08/30/2026,,not-on-source,,no goandrace listing in any crawl
Pocatello Marathon,"Pocatello, ID 09/05/2026",ID,09/05/2026,,not-on-source,,no goandrace listing in any crawl
Salmon Marathon,"Salmon, ID 09/05/2026",ID,09/05/2026,,not-on-source,,no goandrace listing in any crawl
Marquette Marathon,"Marquette, MI 09/05/2026",MI,09/05/2026,,not-on-source,,no goandrace listing in any crawl
Abebe Bikila Day International Peace Marathon,"Washington, DC 09/05/2026",DC,09/05/2026,,not-on-source,,no goandrace listing in any crawl
Cadillac Festival of Races Marathon,"Cadillac , MI 09/05/2026",MI,09/05/2026,,not-on-source,,no goandrace listing in any crawl
Nebraska Marathon,"Papillion, NE 09/05/2026",NE,09/05/2026,,not-on-source,,no goandrace listing in any crawl
Tupelo Marathon,"Tupelo, MS 09/06/2026",MS,09/06/2026,,not-on-source,,no goandrace listing in any crawl
Kauai Marathon,"Poipu, HI 09/06/2026",HI,09/06/2026,kauai-marathon,in-db,,Kauai Marathon
Minocqua No Frills Marathon,"Minocqua, WI 09/06/2026",WI,09/06/2026,,not-on-source,,no goandrace listing in any crawl
Surfers Point Marathon,"Ventura, CA 09/06/2026",CA,09/06/2026,,not-on-source,,no goandrace listing in any crawl
Last Chance BQ.2 Marathon,"Geneva, IL 09/06/2026",IL,09/06/2026,,not-on-source,,no goandrace listing in any crawl
Beantown Marathon,"Hingham, MA 09/06/2026",MA,09/06/2026,,not-on-source,,no goandrace listing in any crawl
Bound for Boston Marathon,"Suwanee, GA 09/06/2026",GA,09/06/2026,boston-marathon,in-db,,Boston Marathon
Sackets Harbor Marathon,"Sackets Harbor, NY 09/06/2026",NY,09/06/2026,,not-on-source,,no goandrace listing in any crawl
AIDSPIRIT USA Marathon,"Harlowton, MT 09/06/2026",MT,09/06/2026,,not-on-source,,no goandrace listing in any crawl
Bootleg Marathon,"Oak Ridge, TN 09/06/2026",TN,09/06/2026,,not-on-source,,no goandrace listing in any crawl
Heart of America Marathon,"Columbia, MO 09/07/2026",MO,09/07/2026,,not-on-source,,no goandrace listing in any crawl
Sunbury Marathon,"Sunbury, OH 09/12/2026",OH,09/12/2026,,not-on-source,,no goandrace listing in any crawl
Moose Mountain Marathon,"Lutsen, MN 09/12/2026",MN,09/12/2026,,not-on-source,,no goandrace listing in any crawl
Odyssey Trail Running Rampage Marathon,"Millboro, VA 09/12/2026",VA,09/12/2026,,not-on-source,,no goandrace listing in any crawl
Run Woodstock Marathon,"Gregory, MI 09/12/2026",MI,09/12/2026,,not-on-source,,no goandrace listing in any crawl
REVEL Big Cottonwood Marathon,"Murray, UT 09/12/2026",UT,09/12/2026,,not-on-source,,no goandrace listing in any crawl
Wabash Trace Nature Trail Marathon,"Shenandoah, IA 09/12/2026",IA,09/12/2026,,not-on-source,,no goandrace listing in any crawl
Elroy Apple Dumpling Day Marathon,"Elroy, WI 09/12/2026",WI,09/12/2026,apple-dumpling-day-races,no-course-map,https://www.goandrace.com/en/running-events/apple-dumpling-day-races-2025-elroy.php,event page links no course map
Beat the Blerch (Carnation Saturday),"Carnation, WA 09/12/2026",WA,09/12/2026,,not-on-source,,no goandrace listing in any crawl
DoLittle Marathon,"Waukesha, WI 09/12/2026",WI,09/12/2026,,not-on-source,,no goandrace listing in any crawl
Cascade Express Marathon,"North Bend, WA 09/12/2026",WA,09/12/2026,,not-on-source,,no goandrace listing in any crawl
Old Forge Marathon,"Old Forge, NY 09/12/2026",NY,09/12/2026,,not-on-source,,no goandrace listing in any crawl
Lock 2 Lock Marathon,"Williamsport, MD 09/12/2026",MD,09/12/2026,,not-on-source,,no goandrace listing in any crawl
Wicked Fast (PA) Marathon,"Jim Thorpe, PA 09/12/2026",PA,09/12/2026,,not-on-source,,no goandrace listing in any crawl
Three Sisters Marathon,"Danville, VA 09/12/2026",VA,09/12/2026,,not-on-source,,no goandrace listing in any crawl
Malad Valley Marathon,"Malad City, ID 09/12/2026",ID,09/12/2026,,not-on-source,,no goandrace listing in any crawl
Queen City Marathon,"Regina, SK 09/13/2026",SK,09/13/2026,,not-on-source,,no goandrace listing in any crawl
Erie Marathon,"Erie, PA 09/13/2026",PA,09/13/2026,,not-on-source,,no goandrace listing in any crawl
Skagit Flats Marathon,"Burlington, WA 09/13/2026",WA,09/13/2026,,not-on-source,,no goandrace listing in any crawl
Uniformed Services Run Marathon,"St. Johns, NL 09/13/2026",NL,09/13/2026,,not-on-source,,no goandrace listing in any crawl
Boring Marathon,"Gresham, OR 09/13/2026",OR,09/13/2026,,not-on-source,,no goandrace listing in any crawl
Last Chance BQ.2 (Grand Rapids) Marathon,"Grand Rapids, MI 09/13/2026",MI,09/13/2026,,not-on-source,,no goandrace listing in any crawl
Holland Haven Marathon,"Holland, MI 09/13/2026",MI,09/13/2026,,not-on-source,,no goandrace listing in any crawl
Tunnel Light Marathon,"North Bend, WA 09/13/2026",WA,09/13/2026,,not-on-source,,no goandrace listing in any crawl
Sundance to Spearfish Marathon,"Spearfish, SD 09/13/2026",SD,09/13/2026,,not-on-source,,no goandrace listing in any crawl
Georgina Marathon,"Georgina, ON 09/13/2026",ON,09/13/2026,,not-on-source,,no goandrace listing in any crawl
Elk River Rail Trail Marathon,"Duck, WV 09/13/2026",WV,09/13/2026,,not-on-source,,no goandrace listing in any crawl
Boston or Bust Marathon,"Huntsville, AL 09/13/2026",AL,09/13/2026,boston-marathon,in-db,,Boston Marathon
Charles River Marathon Invitational,"Boston, MA 09/13/2026",MA,09/13/2026,,not-on-source,,no goandrace listing in any crawl
United States Air Force Marathon,"Dayton, OH 09/19/2026",OH,09/19/2026,,not-on-source,,no goandrace listing in any crawl
Equinox Marathon,"Fairbanks, AK 09/19/2026",AK,09/19/2026,,not-on-source,,no goandrace listing in any crawl
Priest Lake Marathon,"Priest Lake, ID 09/19/2026",ID,09/19/2026,,not-on-source,,no goandrace listing in any crawl
Huntsville Marathon,"Huntsville, UT 09/20/2025",UT,09/20/2025,,past-event,,listed 09/20/2025
That Dam Hill Marathon,"London, ON 09/19/2026",ON,09/19/2026,,not-on-source,,no goandrace listing in any crawl
Top of Utah Marathon,"Logan, UT 09/19/2026",UT,09/19/2026,,not-on-source,,no goandrace listing in any crawl
Devil after Dark Marathon,"Las Vegas, NV 09/19/2026",NV,09/19/2026,,not-on-source,,no goandrace listing in any crawl
Best of the West Marathon,"Ravenna, OH 09/19/2026",OH,09/19/2026,,not-on-source,,no goandrace listing in any crawl
Mud Mountain Dam (Fall) Marathon,"Enumclaw, WA 09/19/2026",WA,09/19/2026,,not-on-source,,no goandrace listing in any crawl
Back Your Badge Marathon,"Plainfield, IN 09/20/2026",IN,09/20/2026,,not-on-source,,no goandrace listing in any crawl
Pikes Peak Marathon,"Manitou Springs, CO 09/20/2026",CO,09/20/2026,pikes-peak-marathon,queued,https://www.goandrace.com/en/running-events/pikes-peak-marathon-2025-manitou-springs.php,Pikes Peak Marathon 2025
Treherne Marathon,"Treherne, MB 09/20/2026",MB,09/20/2026,,not-on-source,,no goandrace listing in any crawl
Bismarck Marathon,"Bismarck, ND 09/20/2026",ND,09/20/2026,,not-on-source,,no goandrace listing in any crawl
Yonkers Marathon,"Yonkers, NY 09/20/2026",NY,09/20/2026,,not-on-source,,no goandrace listing in any crawl
Montana Marathon,"Billings, MT 09/20/2026",MT,09/20/2026,,not-on-source,,no goandrace listing in any crawl
Fox Cities Marathon,"Appleton, WI 09/20/2026",WI,09/20/2026,,not-on-source,,no goandrace listing in any crawl
Bellingham Bay Marathon,"Bellingham, WA 09/20/2026",WA,09/20/2026,,not-on-source,,no goandrace listing in any crawl
Honest Abe Trail Marathon,"Lincoln City, IN 09/20/2026",IN,09/20/2026,,not-on-source,,no goandrace listing in any crawl
Fox Valley Marathon,"St. Charles, IL 09/20/2026",IL,09/20/2026,,not-on-source,,no goandrace listing in any crawl
Sioux Falls Marathon,"Sioux Falls, SD 09/20/2026",SD,09/20/2026,sioux-falls-marathon,queued,https://www.goandrace.com/en/running-events/sioux-falls-marathon-2025-sioux-falls.php,Sioux Falls Marathon 2025
Pacific Northwest Marathon,"Harrisburg, OR 09/20/2025",OR,09/20/2025,,past-event,,listed 09/20/2025
Adrenaline Races Marathon,"West Bend, WI 09/20/2026",WI,09/20/2026,,not-on-source,,no goandrace listing in any crawl
Buenos Aires Marathon,"Buenos Aires, AG 09/20/2026",AG,09/20/2026,buenos-aires-marathon,in-db,,Buenos Aires Marathon
Great Lincoln Marathon,"Lincoln, ME 09/20/2026",ME,09/20/2026,lincoln-marathon,in-db,,Lincoln Marathon
Fall Equinox Marathon,"Fort Collins, CO 09/20/2026",CO,09/20/2026,,not-on-source,,no goandrace listing in any crawl
Garmin Toledo Marathon,"Toledo, OH 09/20/2026",OH,09/20/2026,,not-on-source,,no goandrace listing in any crawl
Bound for Boston Marathon (Oklahoma City),"Yukon, OK 09/20/2026",OK,09/20/2026,boston-marathon,in-db,,Boston Marathon
Hamptons Marathon,"East Hampton, NY 09/26/2026",NY,09/26/2026,,not-on-source,,no goandrace listing in any crawl
Big Sur Trail Marathon,"Big Sur, CA 09/26/2026",CA,09/26/2026,big-sur-marathon,in-db,,Big Sur Marathon
Akron Marathon,"Akron, OH 09/26/2026",OH,09/26/2026,,not-on-source,,no goandrace listing in any crawl
American Birkebeiner Marathon,"Hayward, WI 09/26/2026",WI,09/26/2026,,not-on-source,,no goandrace listing in any crawl
Jackson Hole Marathon,"Jackson Hole, WY 09/26/2026",WY,09/26/2026,,not-on-source,,no goandrace listing in any crawl
Monument Marathon,"Gering, NE 09/26/2026",NE,09/26/2026,,not-on-source,,no goandrace listing in any crawl
Mill Race Marathon,"Columbus, IN 09/26/2026",IN,09/26/2026,,not-on-source,,no goandrace listing in any crawl
Belleville Main Street Marathon,"Belleville, IL 09/26/2026",IL,09/26/2026,,not-on-source,,no goandrace listing in any crawl
St. Joseph Missouri Marathon,"St. Joseph, MO 09/26/2026",MO,09/26/2026,,not-on-source,,no goandrace listing in any crawl
Fidalgo Trail Run Marathon,"Anacortes, WA 09/26/2026",WA,09/26/2026,,not-on-source,,no goandrace listing in any crawl
Utah Marathon,"Oakley, UT 09/26/2026",UT,09/26/2026,utah-valley-marathon,in-db,,Utah Valley Marathon
Omaha Marathon,"Omaha, NE 09/27/2026",NE,09/27/2026,,not-on-source,,no goandrace listing in any crawl
Adirondack Marathon,"Schroon Lake, NY 09/27/2026",NY,09/27/2026,,not-on-source,,no goandrace listing in any crawl
Quad Cities Marathon,"Moline, IL 09/27/2026",IL,09/27/2026,,not-on-source,,no goandrace listing in any crawl
Clarence DeMar Marathon,"Keene, NH 09/27/2026",NH,09/27/2026,,not-on-source,,no goandrace listing in any crawl
Kenai River Marathon,"Kenai, AK 09/27/2026",AK,09/27/2026,,not-on-source,,no goandrace listing in any crawl
Berlin Marathon,"Berlin, GR 09/27/2026",GR,09/27/2026,berlin,in-db,,Berlin Marathon
Loch Ness Marathon,"Inverness, UK 09/27/2026",UK,09/27/2026,baxters-loch-ness-marathon-and-festival-of-running,queued,https://www.goandrace.com/en/running-events/baxters-loch-ness-marathon-festival-of-running-2025-inverness.php,Baxters Loch Ness Marathon & Festival of Running 2025
,"Boulder, CO 09/27/2026",CO,09/27/2026,,not-on-source,,no goandrace listing in any crawl
Warsaw Marathon,"Warsaw, PL 09/27/2026",PL,09/27/2026,,not-on-source,,no goandrace listing in any crawl
New Hampshire Marathon,"Bristol, NH 10/03/2026",NH,10/03/2026,new-hampshire-marathon,in-db,,New Hampshire Marathon
St. George Marathon,"St. George, UT 10/03/2026",UT,10/03/2026,st-george-marathon-and-half-marathon,queued,https://www.goandrace.com/en/running-events/st-george-marathon-and-half-marathon-2025-st-george.php,St. George Marathon and Half Marathon 2025
Brookings Marathon,"Brookings, SD 10/03/2026",SD,10/03/2026,,not-on-source,,no goandrace listing in any crawl
Flagstaff Marathon,"Flagstaff, AZ 10/03/2026",AZ,10/03/2026,,not-on-source,,no goandrace listing in any crawl
Leavenworth Marathon,"Leavenworth, WA 10/03/2026",WA,10/03/2026,,not-on-source,,no goandrace listing in any crawl
Towpath Marathon,"Cleveland, OH 10/03/2026",OH,10/03/2026,,not-on-source,,no goandrace listing in any crawl
Sleeping Bear Marathon,"Empire, MI 10/03/2026",MI,10/03/2026,,not-on-source,,no goandrace listing in any crawl
NJ Trail Series One Day Marathon,"Augusta, NJ 10/03/2026",NJ,10/03/2026,one-city-marathon,in-db,,One City Marathon
Kingdom Marathon,"West Glover, VT 10/03/2026",VT,10/03/2026,,not-on-source,,no goandrace listing in any crawl
Colorado Springs Marathon,"Colorado Springs, CO 10/03/2026",CO,10/03/2026,colorado-marathon,in-db,,Colorado Marathon
Twin Cities Marathon,"St. Paul, MN 10/04/2026",MN,10/04/2026,twin-cities-marathon,in-db,,Twin Cities Marathon
Portland Marathon,"Portland, OR 10/04/2026",OR,10/04/2026,,not-on-source,,no goandrace listing in any crawl
Maine Marathon,"Portland, ME 10/04/2026",ME,10/04/2026,,not-on-source,,no goandrace listing in any crawl
Lakefront Marathon,"Milwaukee, WI 10/04/2026",WI,10/04/2026,,not-on-source,,no goandrace listing in any crawl
Wineglass Marathon,"Corning, NY 10/04/2026",NY,10/04/2026,,not-on-source,,no goandrace listing in any crawl
Nip Muck Trail Marathon,"Ashford, CT 10/04/2026",CT,10/04/2026,,not-on-source,,no goandrace listing in any crawl
Quebec City Marathon,"Quebec, QC 10/04/2026",QC,10/04/2026,,not-on-source,,no goandrace listing in any crawl
County Marathon,"Picton, ON 10/04/2026",ON,10/04/2026,orange-county-marathon,in-db,,Orange County Marathon
Run Crazy Horse Marathon,"Hill City, SD 10/04/2026",SD,10/04/2026,,not-on-source,,no goandrace listing in any crawl
Ann Arbor Marathon,"Ann Arbor, MI 10/04/2026",MI,10/04/2026,,not-on-source,,no goandrace listing in any crawl
P tit Train du Nord Marathon,"Saint-Jerome, QC 10/04/2026",QC,10/04/2026,,not-on-source,,no goandrace listing in any crawl
Greenbrier River Trail Marathon,"Cass, WV 10/04/2026",WV,10/04/2026,,not-on-source,,no goandrace listing in any crawl
BHM 26.2 Marathon,"Birmingham, AL 10/04/2026",AL,10/04/2026,,not-on-source,,no goandrace listing in any crawl
Hua Sports Marathon,"Point of Rocks, MD 10/04/2026",MD,10/04/2026,,not-on-source,,no goandrace listing in any crawl
Windsor Marathon,"Windsor, CO 10/04/2026",CO,10/04/2026,,not-on-source,,no goandrace listing in any crawl
Muskoka Marathon,"Bracebridge, ON 10/04/2026",ON,10/04/2026,,not-on-source,,no goandrace listing in any crawl
Little Apple Marathon,"Manhattan, KS TBD",KS,TBD,,no-date,,"date is ""TBD"""
Antelope Island Marathon,"Antelope Island, UT 10/09/2026",UT,10/09/2026,,not-on-source,,no goandrace listing in any crawl
Hartford Marathon,"Hartford, CT 10/10/2026",CT,10/10/2026,,not-on-source,,no goandrace listing in any crawl
Whiskey Row Marathon,"Prescott, AZ 10/10/2026",AZ,10/10/2026,,not-on-source,,no goandrace listing in any crawl
City of Trees Marathon,"Boise, ID 10/10/2026",ID,10/10/2026,,not-on-source,,no goandrace listing in any crawl
Whistlestop Marathon,"Ashland, WI 10/10/2026",WI,10/10/2026,,not-on-source,,no goandrace listing in any crawl
Arkansas Marathon,"Booneville, AR 10/10/2026",AR,10/10/2026,,not-on-source,,no goandrace listing in any crawl
Freedoms Run Marathon,"Shepherdstown, WV 10/10/2026",WV,10/10/2026,,not-on-source,,no goandrace listing in any crawl
Des Plaines River Trail Marathon,"Lincolnshire, IL 10/10/2026",IL,10/10/2026,,not-on-source,,no goandrace listing in any crawl
Bemidji Blue Ox Marathon,"Bemidji, MN 10/10/2026",MN,10/10/2026,,not-on-source,,no goandrace listing in any crawl
Escalante Canyons Marathon,"Escalante, UT 10/10/2026",UT,10/10/2026,,not-on-source,,no goandrace listing in any crawl
,"Hayden Lake, ID 10/10/2026",ID,10/10/2026,,not-on-source,,no goandrace listing in any crawl
Gandy Dancer Marathon,"Luck, WI 10/10/2026",WI,10/10/2026,,not-on-source,,no goandrace listing in any crawl
Rogue Marathon,"Medford, OR 10/10/2026",OR,10/10/2026,,not-on-source,,no goandrace listing in any crawl
Breckenridge Road Marathon,"Breckenridge, CO 10/10/2026",CO,10/10/2026,,not-on-source,,no goandrace listing in any crawl
Long View Marathon,"Loveland, CO 10/10/2026",CO,10/10/2026,,not-on-source,,no goandrace listing in any crawl
Pocono Mountains Marathon,"Greentown, PA 10/10/2026",PA,10/10/2026,,not-on-source,,no goandrace listing in any crawl
Holloman Ace of Races Marathon,"Alamogordo, NM 10/10/2026",NM,10/10/2026,holloman-ace-of-races-alamogordo,no-course-map,https://www.goandrace.com/en/running-events/holloman-ace-of-races-alamogordo-2025.php,event page links no course map
Steamtown Marathon,"Scranton, PA 10/11/2026",PA,10/11/2026,,not-on-source,,no goandrace listing in any crawl
Chicago Marathon,"Chicago, IL 10/11/2026",IL,10/11/2026,chicago,in-db,,Chicago Marathon
Long Beach Marathon,"Long Beach, CA 10/11/2026",CA,10/11/2026,long-beach-marathon,in-db,,Long Beach Marathon
Mohawk-Hudson River Marathon,"Albany, NY 10/11/2026",NY,10/11/2026,,not-on-source,,no goandrace listing in any crawl
Prairie Fire Marathon,"Wichita, KS 10/11/2026",KS,10/11/2026,,not-on-source,,no goandrace listing in any crawl
Cape Cod Marathon,"Falmouth, MA 10/11/2026",MA,10/11/2026,,not-on-source,,no goandrace listing in any crawl
Valley Harvest Marathon,"Wolfville, NS 10/11/2026",NS,10/11/2026,,not-on-source,,no goandrace listing in any crawl
,"Spokane, WA 10/11/2026",WA,10/11/2026,,not-on-source,,no goandrace listing in any crawl
Victoria Marathon,"Victoria, BC 10/11/2026",BC,10/11/2026,,not-on-source,,no goandrace listing in any crawl
Ottawa Fall Colours Marathon,"Ottawa, ON 10/11/2026",ON,10/11/2026,,not-on-source,,no goandrace listing in any crawl
Bizz Johnson Marathon,"Susanville, CA 10/11/2026",CA,10/11/2026,,not-on-source,,no goandrace listing in any crawl
Humboldt Redwoods Marathon,"Weott, CA 10/11/2026",CA,10/11/2026,,not-on-source,,no goandrace listing in any crawl
Newport Marathon (RI),"Newport, RI 10/11/2026",RI,10/11/2026,newport-marathon,in-db,,Newport Marathon
Marathon de Magog,"Magog, QC 10/11/2026",QC,10/11/2026,,not-on-source,,no goandrace listing in any crawl
Snohomish River Run Marathon,"Snohomish, WA 10/11/2026",WA,10/11/2026,,not-on-source,,no goandrace listing in any crawl
Melbourne Marathon,"Melbourne, AU 10/11/2026",AU,10/11/2026,,not-on-source,,no goandrace listing in any crawl
Montreal Marathon,"Montreal, QC 10/11/2026",QC,10/11/2026,,not-on-source,,no goandrace listing in any crawl
Original Las Vegas Marathon,"Henderson, NV 10/11/2026",NV,10/11/2026,,not-on-source,,no goandrace listing in any crawl
Durango Marathon,"Durango, CO 10/11/2026",CO,10/11/2026,,not-on-source,,no goandrace listing in any crawl
Lakeside Marathon,"Spooner Lake, NV 10/16/2026",NV,10/16/2026,,not-on-source,,no goandrace listing in any crawl
Kansas City Marathon,"Kansas City, MO 10/17/2026",MO,10/17/2026,garmin-kansas-city-marathon,queued,https://www.goandrace.com/en/running-events/garmin-kansas-city-marathon-2025.php,Garmin Kansas City Marathon 2025
Baltimore Marathon,"Baltimore, MD 10/17/2026",MD,10/17/2026,,not-on-source,,no goandrace listing in any crawl
Tecumseh Trail Marathon,"Bloomington, IN 10/17/2026",IN,10/17/2026,,not-on-source,,no goandrace listing in any crawl
Mankato Marathon,"Mankato, MN 10/17/2026",MN,10/17/2026,,not-on-source,,no goandrace listing in any crawl
Cal-Neva Marathon,"Tahoe City, CA 10/17/2026",CA,10/17/2026,,not-on-source,,no goandrace listing in any crawl
Potomac River Run Marathon (October),"Washington, DC 10/17/2026",DC,10/17/2026,,not-on-source,,no goandrace listing in any crawl
Cannonball Marathon,"Greensboro, NC 10/17/2026",NC,10/17/2026,,not-on-source,,no goandrace listing in any crawl
American Bluegrass Classic Marathon,"Paducah, KY 10/17/2026",KY,10/17/2026,,not-on-source,,no goandrace listing in any crawl
Idaho Running Day Marathon,"Boise, ID 10/17/2026",ID,10/17/2026,,not-on-source,,no goandrace listing in any crawl
Mathews Marathon,"Mathews, VA 10/17/2026",VA,10/17/2026,,not-on-source,,no goandrace listing in any crawl
Home for Freedom Marathon,"Wichita Falls, TX 10/17/2026",TX,10/17/2026,,not-on-source,,no goandrace listing in any crawl
Baystate Marathon,"Lowell, MA 10/18/2026",MA,10/18/2026,,not-on-source,,no goandrace listing in any crawl
Lake Tahoe Marathon,"South Lake Tahoe, CA 10/18/2026",CA,10/18/2026,,not-on-source,,no goandrace listing in any crawl
Detroit Free Press Marathon,"Detroit, MI 10/18/2026",MI,10/18/2026,detroit-free-press-marathon,in-db,,Detroit Free Press Marathon
Des Moines Marathon,"Des Moines, IA 10/18/2026",IA,10/18/2026,,not-on-source,,no goandrace listing in any crawl
Columbus Marathon,"Columbus, OH 10/18/2026",OH,10/18/2026,,not-on-source,,no goandrace listing in any crawl
Mount Desert Island Marathon,"Bar Harbor, ME 10/18/2026",ME,10/18/2026,,not-on-source,,no goandrace listing in any crawl
Champlain Islands Marathon,"South Hero, VT 10/18/2026",VT,10/18/2026,,not-on-source,,no goandrace listing in any crawl
Atlantic City Marathon,"Atlantic City, NJ 10/18/2026",NJ,10/18/2026,,not-on-source,,no goandrace listing in any crawl
Mystery Mountain Marathon,"Chatsworth, GA 10/18/2026",GA,10/18/2026,,not-on-source,,no goandrace listing in any crawl
Toronto Waterfront Marathon,"Toronto, ON 10/18/2026",ON,10/18/2026,tcs-toronto-waterfront-marathon,queued,https://www.goandrace.com/en/running-events/tcs-toronto-waterfront-marathon-2025.php,TCS Toronto Waterfront Marathon 2025
Blue Sky Marathon,"Fort Collins, CO 10/18/2026",CO,10/18/2026,,not-on-source,,no goandrace listing in any crawl
Prince Edward Island Marathon,"Charlottetown, PE 10/18/2026",PE,10/18/2026,,not-on-source,,no goandrace listing in any crawl
Grand Rapids Marathon,"Grand Rapids, MI 10/18/2026",MI,10/18/2026,,not-on-source,,no goandrace listing in any crawl
Duke City Marathon,"Albuquerque, NM 10/18/2026",NM,10/18/2026,,not-on-source,,no goandrace listing in any crawl
Cape Breton Fiddlers Run Marathon,"Sydney, NS 10/18/2026",NS,10/18/2026,,not-on-source,,no goandrace listing in any crawl
Columbia Gorge Marathon,"Hood River, OR 10/18/2026",OR,10/18/2026,,not-on-source,,no goandrace listing in any crawl
Great New York State Marathon,"Syracuse, NY 10/18/2026",NY,10/18/2026,new-york-city-marathon,in-db,,New York City Marathon
Silver Falls Trail Marathon,"Silverton, OR 10/18/2026",OR,10/18/2026,,not-on-source,,no goandrace listing in any crawl
Suffolk County Marathon,"Babylon, NY 10/18/2026",NY,10/18/2026,suffolk-county-marathon,queued,https://www.goandrace.com/en/running-events/suffolk-county-marathon-2025-bay-shore.php,Suffolk County Marathon 2025
Buzz Sawyer Western Maryland Marathon,"Hancock, MD 10/18/2026",MD,10/18/2026,,not-on-source,,no goandrace listing in any crawl
McKirdy Micro Marathon (Fall),"Walker, MI 10/18/2026",MI,10/18/2026,,not-on-source,,no goandrace listing in any crawl
Jeepers Creepers Marathon,"Santa Clarita, CA 10/18/2026",CA,10/18/2026,,not-on-source,,no goandrace listing in any crawl
Marathon 2 Marathon,"Marathon, TX 10/24/2026",TX,10/24/2026,,not-on-source,,no goandrace listing in any crawl
Spinx Runfest Marathon,"Greenville, SC 10/24/2026",SC,10/24/2026,,not-on-source,,no goandrace listing in any crawl
Justice Run Marathon,"Fort Worth, TX 10/24/2026",TX,10/24/2026,,not-on-source,,no goandrace listing in any crawl
Show Me Your Free State Marathon,"St. Joseph, MO 10/24/2026",MO,10/24/2026,,not-on-source,,no goandrace listing in any crawl
Niagara Falls International Marathon,"Niagara Falls, ON 10/25/2026",ON,10/25/2026,niagara-falls-international-marathon,queued,https://www.goandrace.com/en/running-events/niagara-falls-international-marathon-2023-niagara-falls.php,2023 Niagara Falls International Marathon
Marine Corps Marathon,"Arlington, VA 10/25/2026",VA,10/25/2026,marine-corps-marathon,in-db,,Marine Corps Marathon
Tri-Cities Marathon,"Richland, WA 10/25/2026",WA,10/25/2026,,not-on-source,,no goandrace listing in any crawl
Seven Bridges Marathon,"Chattanooga, TN 10/25/2026",TN,10/25/2026,,not-on-source,,no goandrace listing in any crawl
Silver Comet Marathon,"Mableton, GA 10/31/2026",GA,10/31/2026,,not-on-source,,no goandrace listing in any crawl
Emerald Isle Marathon,"Emerald Isle, NC 10/24/2026",NC,10/24/2026,,not-on-source,,no goandrace listing in any crawl
Dublin Marathon,"Dublin, IE 10/25/2026",IE,10/25/2026,dublin-marathon,queued,https://www.goandrace.com/en/running-events/dublin-marathon-2023-dublin.php,Dublin Marathon 2023
Ocean State Rhode Races Marathon,"Narragansett, RI 10/25/2026",RI,10/25/2026,,not-on-source,,no goandrace listing in any crawl
Eryri Marathon,"Llanberis, UK 10/24/2026",UK,10/24/2026,,not-on-source,,no goandrace listing in any crawl
RDC Marathon,"Durham, NC 10/25/2026",NC,10/25/2026,,not-on-source,,no goandrace listing in any crawl
Amsterdam Marathon,"Amsterdam, NR 10/25/2026",NR,10/25/2026,amsterdam,no-course-map,https://www.goandrace.com/en/running-events/2026/10/amsterdam-2026.php,event page links no course map
Lubbock Marathon,"Lubbock, TX 10/25/2026",TX,10/25/2026,,not-on-source,,no goandrace listing in any crawl
Haunted Forest Marathon,"Canal Fulton, OH 10/25/2026",OH,10/25/2026,,not-on-source,,no goandrace listing in any crawl
Frankfurt Marathon,"Frankfurt, GR 10/25/2026",GR,10/25/2026,frankfurt-marathon,in-db,,Frankfurt Marathon
ZombieRunner Halloween Marathon,"San Jose, CA 10/31/2026",CA,10/31/2026,,not-on-source,,no goandrace listing in any crawl
Historic Drawbridge Running Festival Marathon,"St. Michaels, MD 10/31/2026",MD,10/31/2026,,not-on-source,,no goandrace listing in any crawl
New York City Marathon,"New York City, NY 11/01/2026",NY,11/01/2026,new-york-city-marathon,in-db,,New York City Marathon
City of Oaks Marathon,"Raleigh, NC 11/01/2026",NC,11/01/2026,,not-on-source,,no goandrace listing in any crawl
Hamilton Marathon Road2Hope,"Hamilton, ON 11/01/2026",ON,11/01/2026,,not-on-source,,no goandrace listing in any crawl
Marshall University Marathon,"Huntington, WV 11/01/2026",WV,11/01/2026,,not-on-source,,no goandrace listing in any crawl
Bass Pro Shops Conservation Marathon,"Springfield, MO 11/01/2026",MO,11/01/2026,,not-on-source,,no goandrace listing in any crawl
Two Cities Marathon,"Fresno, CA 11/01/2026",CA,11/01/2026,,not-on-source,,no goandrace listing in any crawl
Rim Rock Marathon,"Fruita, CO 11/01/2026",CO,11/01/2026,,not-on-source,,no goandrace listing in any crawl
Boundary Bay Marathon,"Delta, BC 11/01/2026",BC,11/01/2026,,not-on-source,,no goandrace listing in any crawl
bg26.2 Marathon,"Bowling Green, KY 11/01/2026",KY,11/01/2026,,not-on-source,,no goandrace listing in any crawl
Veterans Marathon (PA),"Black Lick, PA 11/01/2026",PA,11/01/2026,,not-on-source,,no goandrace listing in any crawl
Auckland Marathon,"Auckland, NZ 11/01/2026",NZ,11/01/2026,barfoot-and-thompson-auckland-marathon,queued,https://www.goandrace.com/en/running-events/barfoot-thompson-auckland-marathon-2025.php,Barfoot & Thompson Auckland Marathon 2025
Louisville Marathon,"Louisville, KY 11/01/2026",KY,11/01/2026,,not-on-source,,no goandrace listing in any crawl
Barbeque Bash Quarters Marathon,"Spencerport, NY 11/01/2026",NY,11/01/2026,,not-on-source,,no goandrace listing in any crawl
Albuquerque Running Fiesta Marathon,"Albuquerque , NM 11/01/2026",NM,11/01/2026,,not-on-source,,no goandrace listing in any crawl
We Got Your Six Running Festival Marathon,"White Plains, MD 11/01/2026",MD,11/01/2026,,not-on-source,,no goandrace listing in any crawl
Lithia Loop Trail Marathon,"Ashland, OR TBD",OR,TBD,,no-date,,"date is ""TBD"""
Mid-South Marathon,"Wynne, AR 11/07/2026",AR,11/07/2026,,not-on-source,,no goandrace listing in any crawl
Indianapolis Monumental Marathon,"Indianapolis, IN 11/07/2026",IN,11/07/2026,,not-on-source,,no goandrace listing in any crawl
Bobcat Trail Marathon,"Glouster, OH 11/07/2026",OH,11/07/2026,,not-on-source,,no goandrace listing in any crawl
Lake Chabot Trail Marathon,"Castro Valley, CA 11/07/2026",CA,11/07/2026,,not-on-source,,no goandrace listing in any crawl
Moab Trail Marathon,"Moab, UT 11/07/2026",UT,11/07/2026,,not-on-source,,no goandrace listing in any crawl
Springfield Marathon,"Springfield, IL 11/07/2026",IL,11/07/2026,,not-on-source,,no goandrace listing in any crawl
Saddleback Mountain Goat Marathon,"Lake Elsinore, CA 11/07/2026",CA,11/07/2026,,not-on-source,,no goandrace listing in any crawl
Grand Ridge Trail Marathon (November),"Issaquah, WA 11/07/2026",WA,11/07/2026,,not-on-source,,no goandrace listing in any crawl
Chessie Trail Marathon,"Lexington, VA 11/07/2026",VA,11/07/2026,,not-on-source,,no goandrace listing in any crawl
Salina Crossroads Marathon,"Salina, KS 11/07/2026",KS,11/07/2026,,not-on-source,,no goandrace listing in any crawl
Bears Ears Marathon,"Bluff, UT 11/07/2026",UT,11/07/2026,,not-on-source,,no goandrace listing in any crawl
Outer Banks Marathon,"Manteo, NC 11/08/2026",NC,11/08/2026,,not-on-source,,no goandrace listing in any crawl
Harrisburg Marathon,"Harrisburg, PA 11/08/2026",PA,11/08/2026,,not-on-source,,no goandrace listing in any crawl
Manchester City Marathon,"Manchester, NH 11/08/2026",NH,11/08/2026,manchester-marathon,in-db,,Manchester Marathon
Fort Worth Marathon,"Fort Worth, TX 11/08/2026",TX,11/08/2026,,not-on-source,,no goandrace listing in any crawl
MO Cowbell Marathon,"St. Charles, MO 11/08/2026",MO,11/08/2026,,not-on-source,,no goandrace listing in any crawl
Athens (Greece) Marathon,"Athens, GC 11/08/2026",GC,11/08/2026,athens-marathon,in-db,,Athens Marathon
REVEL Big Bear Marathon,"Redlands, CA 11/07/2026",CA,11/07/2026,,not-on-source,,no goandrace listing in any crawl
Thumb Coast Marathon,"Port Austin, MI 11/08/2026",MI,11/08/2026,,not-on-source,,no goandrace listing in any crawl
Garmin Marathon - Tucson,"Tucson, AZ 11/08/2026",AZ,11/08/2026,,not-on-source,,no goandrace listing in any crawl
Chickamauga Battlefield Marathon,"Chickamauga, GA 11/14/2026",GA,11/14/2026,,not-on-source,,no goandrace listing in any crawl
Richmond Marathon,"Richmond, VA 11/14/2026",VA,11/14/2026,richmond-marathon,in-db,,Richmond Marathon
Charlotte Marathon,"Charlotte, NC 11/14/2026",NC,11/14/2026,,not-on-source,,no goandrace listing in any crawl
Veterans Marathon,"Columbia City, IN 11/14/2026",IN,11/14/2026,,not-on-source,,no goandrace listing in any crawl
Roxbury Marathon,"Roxbury, CT 11/14/2026",CT,11/14/2026,,not-on-source,,no goandrace listing in any crawl
Tunnel Hill Marathon,"Vienna, IL 11/14/2026",IL,11/14/2026,,not-on-source,,no goandrace listing in any crawl
Central Florida Legends Marathon,"DeBary, FL 11/14/2026",FL,11/14/2026,,not-on-source,,no goandrace listing in any crawl
Ocean City Running Festival Marathon,"Ocean City, MD 11/14/2026",MD,11/14/2026,,not-on-source,,no goandrace listing in any crawl
RYR Endurance Marathon (Saturday),"Owensboro, KY 11/14/2026",KY,11/14/2026,,not-on-source,,no goandrace listing in any crawl
New Orleans Marathon,"New Orleans, LA 11/14/2026",LA,11/14/2026,,not-on-source,,no goandrace listing in any crawl
Rivers and Rails Marathon,"Brunswick, MD 11/14/2026",MD,11/14/2026,,not-on-source,,no goandrace listing in any crawl
Madison Marathon,"Madison, WI 11/15/2026",WI,11/15/2026,,not-on-source,,no goandrace listing in any crawl
Santa Clarita Marathon,"Santa Clarita, CA 11/15/2026",CA,11/15/2026,,not-on-source,,no goandrace listing in any crawl
St. Lukes D and L RaceFest Marathon,"Allentown, PA 11/15/2026",PA,11/15/2026,,not-on-source,,no goandrace listing in any crawl
RYR Endurance Marathon (Sunday),"Owensboro, KY 11/15/2026",KY,11/15/2026,,not-on-source,,no goandrace listing in any crawl
Yeti Endurance Weekend Marathon,"Kansas City, MO 11/15/2026",MO,11/15/2026,,not-on-source,,no goandrace listing in any crawl
Laredo Marathon,"Laredo, TX TBD",TX,TBD,,no-date,,"date is ""TBD"""
White River Marathon,"Cotter, AR 11/21/2026",AR,11/21/2026,,not-on-source,,no goandrace listing in any crawl
Honoring Our Heroes Marathon,"Rolla, MO 11/21/2026",MO,11/21/2026,,not-on-source,,no goandrace listing in any crawl
Monument Valley Veterans Marathon,"Monument Valley Navajo Tribal , UT 11/21/2026",UT,11/21/2026,,not-on-source,,no goandrace listing in any crawl
Route 66 Marathon,"Tulsa, OK 11/22/2026",OK,11/22/2026,williams-route-66-marathon,queued,https://www.goandrace.com/en/running-events/williams-route-66-marathon-2025-tulsa.php,Williams Route 66 Marathon 2025
Philadelphia Marathon,"Philadelphia, PA 11/22/2026",PA,11/22/2026,philadelphia-marathon,in-db,,Philadelphia Marathon
Space Coast Marathon,"Cocoa, FL 11/22/2026",FL,11/22/2026,,not-on-source,,no goandrace listing in any crawl
Gobbler Grind Marathon,"Overland Park, KS 11/22/2026",KS,11/22/2026,,not-on-source,,no goandrace listing in any crawl
Log Jammer Marathon,"Shreveport, LA 11/22/2026",LA,11/22/2026,,not-on-source,,no goandrace listing in any crawl
Harpeth Hills Flying Monkey Marathon,"Nashville, TN 11/22/2026",TN,11/22/2026,,not-on-source,,no goandrace listing in any crawl
Stennis Space Center Marathon,"Ocean Springs, MS 11/28/2026",MS,11/28/2026,,not-on-source,,no goandrace listing in any crawl
North Central Rail Trail Marathon,"Sparks, MD 11/28/2026",MD,11/28/2026,,not-on-source,,no goandrace listing in any crawl
Seattle Ghost Marathon,"Seattle, WA 11/28/2026",WA,11/28/2026,seattle-marathon,in-db,,Seattle Marathon
Seattle Marathon,"Seattle, WA 11/29/2026",WA,11/29/2026,seattle-marathon,in-db,,Seattle Marathon
Curacao Marathon,"Willemstad, CU 11/29/2026",CU,11/29/2026,,not-on-source,,no goandrace listing in any crawl
Florence Marathon,"Florence, IT 11/29/2026",IT,11/29/2026,florence-marathon,in-db,,Florence Marathon
Death Valley Trail Marathon,"Death Valley, CA 12/06/2025",CA,12/06/2025,,past-event,,listed 12/06/2025
St. Jude Memphis Marathon,"Memphis, TN 12/05/2026",TN,12/05/2026,,not-on-source,,no goandrace listing in any crawl
Rehoboth Beach Marathon,"Rehoboth Beach, DE 12/05/2026",DE,12/05/2026,,not-on-source,,no goandrace listing in any crawl
3 Bridges Marathon,"Little Rock, AR 12/05/2026",AR,12/05/2026,,not-on-source,,no goandrace listing in any crawl
Panama City Beach Marathon,"Panama City, FL 12/05/2026",FL,12/05/2026,,not-on-source,,no goandrace listing in any crawl
Millinocket Marathon,"Millinocket, ME 12/05/2026",ME,12/05/2026,,not-on-source,,no goandrace listing in any crawl
Wildwood Trail Marathon,"Wildwood, MO 12/05/2026",MO,12/05/2026,,not-on-source,,no goandrace listing in any crawl
Brazos Bend 100 Marathon,"Needville, TX 12/05/2026",TX,12/05/2026,,not-on-source,,no goandrace listing in any crawl
California International Marathon,"Sacramento, CA 12/06/2026",CA,12/06/2026,california-international-marathon,in-db,,California International Marathon
Hoover Dam Marathon,"Boulder City, NV 12/06/2025",NV,12/06/2025,,past-event,,listed 12/06/2025
Cayman Islands Marathon,"Grand Cayman, CI 12/06/2026",CI,12/06/2026,,not-on-source,,no goandrace listing in any crawl
Topo Trail Marathon,"Bethel, OH 12/06/2026",OH,12/06/2026,,not-on-source,,no goandrace listing in any crawl
Tallahassee Ultra Distance Classic Marathon,"Tallahassee, FL 12/06/2026",FL,12/06/2026,,not-on-source,,no goandrace listing in any crawl
EOD Warrior Holiday Dash Marathon,"Washington, DC 12/06/2026",DC,12/06/2026,,not-on-source,,no goandrace listing in any crawl
Tidewater Striders Dismal Swamp Marathon,"Chesapeake, VA 12/06/2026",VA,12/06/2026,,not-on-source,,no goandrace listing in any crawl
Bound for Boston (Sarasota) Marathon,"Sarasota, FL 12/06/2026",FL,12/06/2026,boston-marathon,in-db,,Boston Marathon
Queens Marathon (Fall),"Queens, NY 12/06/2026",NY,12/06/2026,,not-on-source,,no goandrace listing in any crawl
San Antonio Marathon,"San Antonio, TX 12/06/2026",TX,12/06/2026,,not-on-source,,no goandrace listing in any crawl
End of the World Marathon,"Placencia, BZ 12/06/2026",BZ,12/06/2026,,not-on-source,,no goandrace listing in any crawl
Valencia Marathon,"Valencia, ES 12/06/2026",ES,12/06/2026,valencia-marathon,in-db,,Valencia Marathon
South Texas International Marathon,"Harlingen, TX 12/07/2025",TX,12/07/2025,,past-event,,listed 12/07/2025
Jacksonville Marathon,"Jacksonville, FL 12/12/2026",FL,12/12/2026,jacksonville-marathon,in-db,,Jacksonville Marathon
Kiawah Island Marathon,"Kiawah Island, SC 12/12/2026",SC,12/12/2026,,not-on-source,,no goandrace listing in any crawl
Phoenix Marathon,"Phoenix, AZ 12/12/2026",AZ,12/12/2026,,not-on-source,,no goandrace listing in any crawl
Marathon Project (Gold Wave),"Chandler, AZ 12/12/2026",AZ,12/12/2026,,not-on-source,,no goandrace listing in any crawl
Honolulu Marathon,"Honolulu, HI 12/13/2026",HI,12/13/2026,honolulu-marathon,in-db,,Honolulu Marathon
Rocket City Marathon,"Huntsville, AL 12/13/2026",AL,12/13/2026,,not-on-source,,no goandrace listing in any crawl
Palm Beaches Marathon,"West Palm Beach, FL 12/13/2026",FL,12/13/2026,,not-on-source,,no goandrace listing in any crawl
Tucson Marathon,"Tucson, AZ 12/13/2026",AZ,12/13/2026,,not-on-source,,no goandrace listing in any crawl
Dallas Marathon,"Dallas, TX 12/13/2026",TX,12/13/2026,bmw-dallas-marathon,queued,https://www.goandrace.com/en/running-events/bmw-dallas-marathon-2024.php,BMW Dallas Marathon
Bryan-College Station Marathon,"College Station, TX 12/13/2026",TX,12/13/2026,,not-on-source,,no goandrace listing in any crawl
Mississippi Gulf Coast Marathon,"Biloxi, MS 12/13/2026",MS,12/13/2026,,not-on-source,,no goandrace listing in any crawl
Marathon Project (Pro),"Chandler, AZ 12/13/2026",AZ,12/13/2026,,not-on-source,,no goandrace listing in any crawl
Brownsville Chief of Police Marathon,"Brownsville, TX 12/13/2026",TX,12/13/2026,,not-on-source,,no goandrace listing in any crawl
Star of Texas Marathon,"Spicewood, TX 12/13/2026",TX,12/13/2026,,not-on-source,,no goandrace listing in any crawl
Irving Frost Marathon,"Irving, TX 12/19/2026",TX,12/19/2026,irving-marathon,in-db,,Irving Marathon
St. Pete Marathon,"St, Petersburg, FL 12/19/2027",FL,12/19/2027,,not-on-source,,no goandrace listing in any crawl
Hawaii Bird Conservation Marathon,"Hilo, HI 12/20/2026",HI,12/20/2026,,not-on-source,,no goandrace listing in any crawl
Holly Jolly Marathon,"Camarillo, CA 12/20/2026",CA,12/20/2026,,not-on-source,,no goandrace listing in any crawl
Run for the Ranch Marathon,"Springfield, MO 12/27/2025",MO,12/27/2025,,past-event,,listed 12/27/2025
Corpus Christi Marathon,"Corpus Christi , TX 12/27/2026",TX,12/27/2026,,not-on-source,,no goandrace listing in any crawl
Last Chance Marathon,"Bellingham, WA 12/31/2026",WA,12/31/2026,,not-on-source,,no goandrace listing in any crawl
New Years (Eve) Double Marathon,"Allen, TX 12/31/2026",TX,12/31/2026,,not-on-source,,no goandrace listing in any crawl
