Marathon Name,City,State/Country,Date
Texas Marathon,"Kingwood, TX 01/01/2027",TX,01/01/2027
New Years (Day) Double Marathon,"Allen, TX 01/01/2027",TX,01/01/2027
Revolution Run Marathon,"Kearns, UT 01/01/2027",UT,01/01/2027
Athens Big-Fork Trail Marathon,"Big Fork, AR 01/09/2027",AR,01/09/2027
Buckeye Marathon,"Buckeye, AZ 01/09/2027",AZ,01/09/2027
State 47 Las Cruces Marathon,"Las Cruces, NM 01/09/2027",NM,01/09/2027
San Diego Trail Runs Marathon,"San Diego, CA 01/09/2027",CA,01/09/2027
River City Micro Marathon,"Decatur, AL 01/09/2027",AL,01/09/2027
Lake Mead Marathon,"Boulder City, NV 01/10/2026",NV,01/10/2026
Mobile Marathon,"Mobile, AL 01/10/2027",AL,01/10/2027
Walt Disney World Marathon,"Orlando, FL 01/10/2027",FL,01/10/2027
Las Vegas Marathon,"Las Vegas, NV 01/10/2027",NV,01/10/2027
Marathon Bahamas,"Nassau, BS TBD",BS,TBD
McAllen Marathon,"McAllen, TX 01/16/2027",TX,01/16/2027
Daufuskie Island Marathon,"Daufuskie Island, SC 01/16/2027",SC,01/16/2027
Florida Track Club Mary Andrews Marathon,"Hawthorne, FL 01/16/2027",FL,01/16/2027
Mangum Marathon,"Ellerbe, NC 01/16/2027",NC,01/16/2027
Houston Marathon,"Houston, TX 01/17/2027",TX,01/17/2027
Carlsbad Marathon,"Carlsbad, CA 01/17/2027",CA,01/17/2027
Redding Marathon,"Redding, CA 01/17/2027",CA,01/17/2027
Maui Oceanfront Marathon,"Maui, HI 01/17/2027",HI,01/17/2027
Lost Dutchman Marathon,"Apache Junction, AZ 01/17/2027",AZ,01/17/2027
Crystal Springs Trail Run Marathon,"Woodside, CA 01/17/2027",CA,01/17/2027
Louisiana Marathon,"Baton Rouge, LA 01/17/2027",LA,01/17/2027
Jekyll Island Marathon,"Jekyll Island, GA 01/17/2027",GA,01/17/2027
Bermuda Triangle Challenge Marathon,"Hamilton, BM 01/17/2027",BM,01/17/2027
Renegade Rehab Run Marathon,"Lecanto, FL 01/18/2026",FL,01/18/2026
Red Rock Canyon Marathon,"Las Vegas, NV 01/23/2027",NV,01/23/2027
Sun Marathon,"Santa Clara, UT 01/23/2027",UT,01/23/2027
Icebreaker Marathon,"East Meadow, NY 01/24/2026",NY,01/24/2026
USA Fit Marathon,"Sugar Land, TX 01/25/2026",TX,01/25/2026
ONU Polar Bear Indoor Marathon,"Ada, OH 01/26/2025",OH,01/26/2025
Yuma Territorial Marathon,"Yuma, AZ 01/30/2027",AZ,01/30/2027
Museum of Aviation Marathon,"Warner Robins, GA 01/31/2026",GA,01/31/2026
Miami Marathon,"Miami, FL 01/31/2027",FL,01/31/2027
Clearwater Marathon,"Clearwater, FL 01/31/2027",FL,01/31/2027
Town of Celebration Marathon,"Celebration, FL 01/31/2027",FL,01/31/2027
Big Beach Marathon,"Gulf Shores, AL 01/31/2027",AL,01/31/2027
Warm up Columbus,"Dublin, OH 02/01/2026",OH,02/01/2026
Surfside Beach Marathon,"Surfside, TX 02/06/2027",TX,02/06/2027
Groundhog Day Marathon,"Grand Rapids, MI 02/06/2027",MI,02/06/2027
Railway Marathon,"Fultondale, AL 02/06/2027",AL,02/06/2027
Jed Smith Ultra Classic Marathon,"Sacramento, CA 02/06/2027",CA,02/06/2027
Tallahassee Marathon,"Tallahassee, FL 02/07/2027",FL,02/07/2027
Surf City Marathon,"Huntington Beach, CA 02/07/2027",CA,02/07/2027
Florida Marathon,"Melbourne, FL 02/07/2027",FL,02/07/2027
Donna Marathon,"Jacksonville Beach, FL 02/07/2027",FL,02/07/2027
Death Valley Marathon,"Death Valley, CA 02/07/2026",CA,02/07/2026
Mississippi River Marathon,"Greenville, MS 02/07/2026",MS,02/07/2026
,"St. Petersburg, FL 02/07/2027",FL,02/07/2027
Mt. Umunhum Trail Marathon,"San Jose, CA 02/07/2026",CA,02/07/2026
Papa Loco Marathon,"Conway, AR 02/08/2026",AR,02/08/2026
Harlingen Marathon,"Harlingen, TX 02/08/2026",TX,02/08/2026
Gone Loco Marathon,"Athens, TN 02/08/2026",TN,02/08/2026
Mesa Marathon,"Mesa, AZ 02/13/2027",AZ,02/13/2027
Run Oak Island Marathon,"Oak Island, NC 02/13/2027",NC,02/13/2027
Love Chocolate Marathon,"Savannah, GA 02/13/2027",GA,02/13/2027
Ft. Lauderdale A1A Marathon,"Ft. Lauderdale, FL 02/14/2027",FL,02/14/2027
Austin Marathon,"Austin, TX 02/14/2027",TX,02/14/2027
Valentines Day Massacre Marathon,"Greensboro, NC 02/14/2027",NC,02/14/2027
Fort Ebey Kettles Trail Marathon,"Whidbey Island, WA 02/14/2026",WA,02/14/2026
Rescue Rover Marathon (Dalmatian Run Fest),"Bedford, TX 02/14/2026",TX,02/14/2026
Hilton Head Island Marathon,"Hilton Head Island, SC TBD",SC,TBD
Puppy Power Marathon (Dalmatian Run Fest),"Bedford, TX 02/15/2026",TX,02/15/2026
Mighty Mutt Marathon (Dalmatian Run Fest),"Bedford, TX 02/16/2026",TX,02/16/2026
Mississippi Blues Marathon,"Jackson, MS 02/20/2027",MS,02/20/2027
Montara Mountain Marathon,"Pacifica, CA 02/20/2027",CA,02/20/2027
Running from Yeti Marathon,"Springfield, MO 02/20/2027",MO,02/20/2027
Galveston Marathon,"Galveston, TX 02/21/2027",TX,02/21/2027
Ventura Marathon,"Ventura, CA 02/21/2027",CA,02/21/2027
Seville Marathon,"Seville, ES 02/21/2027",ES,02/21/2027
Wicked Fast (AZ) Marathon,"Tucson, AZ 02/21/2026",AZ,02/21/2026
We Run this Beach Marathon,"Gulf Shores, AL 02/22/2026",AL,02/22/2026
Wilmington Marathon,"Wilmington, NC 02/27/2027",NC,02/27/2027
Woodlands Marathon,"The Woodlands, TX 02/27/2027",TX,02/27/2027
SoCal Marathon,"Huntington Beach, CA 02/27/2027",CA,02/27/2027
Ellerbe Marathon,"Ellerbe, NC 02/28/2026",NC,02/28/2026
El Paso Marathon,"El Paso, TX 02/28/2027",TX,02/28/2027
Cowtown Marathon,"Fort Worth, TX 02/28/2027",TX,02/28/2027
Cummins Falls Marathon,"Cookeville, TN 02/28/2026",TN,02/28/2026
Oak Ridge to Kingston Express Marathon,"Oak Ridge, TN 02/28/2027",TN,02/28/2027
Every Womans Marathon,"New Orleans, LA 02/28/2027",LA,02/28/2027
Hyannis Marathon,"Hyannis, MA 03/02/2025",MA,03/02/2025
Combos Marathon,"Albany, GA 03/06/2027",GA,03/06/2027
Myrtle Beach Marathon,"Myrtle Beach, SC 03/06/2027",SC,03/06/2027
Run the Alamo 26.2 Marathon,"San Antonio, TX 03/06/2027",TX,03/06/2027
Atlanta Marathon,"Atlanta, GA 03/07/2027",GA,03/07/2027
Little Rock Marathon,"Little Rock, AR 03/07/2027",AR,03/07/2027
Los Angeles Marathon,"Los Angeles, CA 03/07/2027",CA,03/07/2027
Napa Valley Marathon,"Napa, CA 03/07/2027",CA,03/07/2027
Umstead Marathon,"Raleigh, NC 03/07/2026",NC,03/07/2026
Seneca Creek Greenway Trail Marathon,"Damascus, MD 03/07/2026",MD,03/07/2026
Cross Timbers Trail Runs Marathon,"Lake Texoma, TX 03/07/2026",TX,03/07/2026
Sand Hollow Marathon,"Hurricane, UT 03/07/2026",UT,03/07/2026
Zydeco Marathon,"Lafayette, LA 03/07/2027",LA,03/07/2027
Marathon of the Treasure Coast,"Stuart, FL 03/07/2027",FL,03/07/2027
Newport News One City Marathon,"Newport News, VA 03/07/2027",VA,03/07/2027
Tokyo Marathon,"Tokyo, JP 03/07/2027",JP,03/07/2027
Hachie Marathon,"Waxahachie, TX 03/07/2026",TX,03/07/2026
Flowerfest Marathon at Callaway Gardens,"Pine Mountain, GA 03/08/2025",GA,03/08/2025
Catalina Marathon,"Catalina Island, CA 03/13/2027",CA,03/13/2027
Seabrook Lucky Trail Marathon,"Seabrook, TX 03/13/2027",TX,03/13/2027
Run Through Time Marathon,"Salida, CO 03/13/2027",CO,03/13/2027
Land Between the Lakes Marathon,"Grand Rivers, KY 03/13/2027",KY,03/13/2027
Run the Rainbow for Childrens Marathon,"Jackson, MS 03/13/2027",MS,03/13/2027
Big Island International Marathon,"Hilo, HI 03/14/2027",HI,03/14/2027
Tobacco Road Marathon,"Cary, NC 03/14/2027",NC,03/14/2027
Rome Marathon,"Rome, IT 03/14/2027",IT,03/14/2027
Barcelona Marathon,"Barcelona, ES 03/14/2027",ES,03/14/2027
Des Moines St. Paddys Marathon,"Des Moines, IA 03/14/2026",IA,03/14/2026
St. Patricks Marathon,"Washington, DC 03/15/2026",DC,03/15/2026
Bound for Boston (Las Vegas) Marathon,"Henderson, NV 03/15/2026",NV,03/15/2026
Grasslands Trail Run Marathon,"Decatur, TX 03/20/2027",TX,03/20/2027
Asheville Marathon,"Asheville, NC 03/20/2027",NC,03/20/2027
Heroes of America Marathon,"Columbus, GA 03/20/2027",GA,03/20/2027
,"Athens, GA 03/20/2027",GA,03/20/2027
Labor of Love Marathon,"Las Vegas, NV 03/21/2026",NV,03/21/2026
Shamrock Marathon,"Virginia Beach, VA 03/21/2027",VA,03/21/2027
Buzz Marathon,"San Miguel, CA 03/21/2026",CA,03/21/2026
Napa Valley Trail Marathon,"Calistoga, CA 03/21/2026",CA,03/21/2026
Bataan Memorial Death March Marathon,"White Sands Missle Range, NM 03/21/2026",NM,03/21/2026
Oakland Marathon,"Oakland, CA 03/21/2027",CA,03/21/2027
Two Rivers Marathon,"Lackawaxen, PA 03/21/2026",PA,03/21/2026
Irving Marathon,"Irving, TX 03/21/2027",TX,03/21/2027
Fort Smith Marathon,"Fort Smith, AR 03/21/2027",AR,03/21/2027
Seoul Marathon,"Seoul, KR 03/21/2027",KR,03/21/2027
Race to Space Marathon,"Huntsville, AL 03/21/2027",AL,03/21/2027
Two Rivers Marathon (Sunday),"Lackawaxen, PA 03/22/2026",PA,03/22/2026
Griffith Park Trail Marathon,"Los Angeles, CA 03/28/2026",CA,03/28/2026
Mission Run in the Ozarks Marathon,"Mountain View, AR 03/27/2027",AR,03/27/2027
Rend Lake Marathon,"Whittington, IL 03/27/2027",IL,03/27/2027
McKirdy Micro Marathon (Breaking 3),"Valley Cottage, NY 03/28/2026",NY,03/28/2026
Heckscher State Park Marathon,"East Islip, NY 03/28/2026",NY,03/28/2026
B and A Marathon,"Severna Park, MD 03/29/2026",MD,03/29/2026
Ohio River Road Runners Club Marathon,"Xenia, OH 03/29/2026",OH,03/29/2026
Trailbreaker Marathon,"Waukesha, WI 03/29/2026",WI,03/29/2026
Chattanooga Marathon,"Chattanooga, TN 03/29/2026",TN,03/29/2026
McKirdy Micro Marathon (MicroOTQ),"Valley Cottage, NY 03/29/2026",NY,03/29/2026
Charlottesville Marathon,"Charlottesville, VA 04/03/2027",VA,04/03/2027
Greater St. Louis Marathon,"St. Louis, MO 04/03/2027",MO,04/03/2027
Black Mountain Marathon,"Black Mountain, NC 04/03/2027",NC,04/03/2027
Yakima River Canyon Marathon,"Ellensburg, WA 04/03/2027",WA,04/03/2027
Savin Rock Marathon,"West Haven, CT 04/03/2027",CT,04/03/2027
REVEL Mt. Charleston Marathon,"Las Vegas, NV 04/03/2027",NV,04/03/2027
Salisbury Marathon,"Salisbury, MD 04/03/2027",MD,04/03/2027
Cheap Marathon,"Derry, NH 04/03/2027",NH,04/03/2027
Victory Marathon,"Hillsdale, IN 04/03/2027",IN,04/03/2027
Bedrock Valley Trail Marathon,"Hemet, CA 04/03/2027",CA,04/03/2027
Virginia Creeper Marathon,"Abingdon, VA 04/04/2027",VA,04/04/2027
Rockin K Trail Marathon,"Marquette, KS 04/04/2026",KS,04/04/2026
Golden Gate Headlands Marathon,"Sausalito, CA 04/04/2026",CA,04/04/2026
Modesto Marathon,"Modesto, CA 04/04/2027",CA,04/04/2027
Bakersfield Marathon,"Bakersfield, CA 04/04/2027",CA,04/04/2027
Coast Guard Marathon,"Elizabeth City, NC 04/04/2027",NC,04/04/2027
Raquette River Marathon,"Potsdam, NY 04/04/2026",NY,04/04/2026
Milano Marathon,"Milan, IT 04/04/2027",IT,04/04/2027
Andrew Jackson Marathon,"Jackson, TN TBD",TN,TBD
Milwaukee Marathon,"Milwaukee, WI 04/10/2027",WI,04/10/2027
New South Trail Marathon,"Charlotte, NC 04/10/2027",NC,04/10/2027
Knoxville Marathon,"Knoxville, TN 04/11/2027",TN,04/11/2027
Athens Marathon,"Athens, OH 04/11/2027",OH,04/11/2027
Martian Marathon,"Dearborn, MI 04/11/2026",MI,04/11/2026
Horse Capital Marathon,"Lexington, KY 04/11/2026",KY,04/11/2026
Coastal Delaware Running Festival Marathon,"Rehoboth Beach, DE 04/11/2027",DE,04/11/2027
Spring Chance BQ.2 Marathon,"Geneva, IL 04/11/2027",IL,04/11/2027
Millbrook Marathon,"Millbrook, NY 04/11/2027",NY,04/11/2027
Mo Marathon,"Perrysville, OH 04/11/2026",OH,04/11/2026
London OH Marathon,"London, OH 04/11/2026",OH,04/11/2026
Streakers Marathon,"Provo, UT 04/11/2026",UT,04/11/2026
Philadelphia Trail Marathon,"Philadelphia, PA 04/11/2026",PA,04/11/2026
University of Charleston Marathon,"Charleston, WV 04/11/2027",WV,04/11/2027
Vernonia Marathon,"Banks, OR 04/12/2026",OR,04/12/2026
Paris Marathon,"Paris, FR 04/12/2026",FR,04/12/2026
Bend Marathon,"Bend, OR 04/12/2026",OR,04/12/2026
Chasing Jefferson Davis Marathon,"Abbeville, GA 04/12/2025",GA,04/12/2025
Hogeye Marathon,"Springdale, AR 04/17/2027",AR,04/17/2027
Wenatchee Marathon,"Wenatchee, WA 04/17/2027",WA,04/17/2027
Blue Ridge Marathon,"Roanoke, VA 04/17/2027",VA,04/17/2027
Horseshoe Lake Trail Run Marathon,"Palo Alto, CA 04/17/2027",CA,04/17/2027
Carmel Marathon,"Carmel, IN 04/17/2027",IN,04/17/2027
Golden Driller Marathon,"Tulsa, OK 04/17/2027",OK,04/17/2027
Newport Rhode Races Marathon,"Newport, RI 04/17/2027",RI,04/17/2027
Virginia Marathon,"Middleburg, VA 04/17/2027",VA,04/17/2027
Bremerton Marathon,"Bremerton, WA 04/18/2026",WA,04/18/2026
Eisenhower Marathon,"Abilene, KS 04/18/2026",KS,04/18/2026
Pine Line Trail Marathon,"Medford, WI 04/18/2026",WI,04/18/2026
Delaware Marathon,"Wilmington, DE 04/18/2027",DE,04/18/2027
Mountains 2 Beach Marathon,"Ventura, CA 04/18/2027",CA,04/18/2027
Greater Manchester Marathon,"Manchester, UK 04/18/2027",UK,04/18/2027
Brew City Marathon,"Milwaukee, WI 04/18/2026",WI,04/18/2026
Jersey City Marathon,"Jersey City, NJ 04/18/2027",NJ,04/18/2027
Run the River Marathon,"Kennewick, WA 04/18/2026",WA,04/18/2026
Vienna City Marathon,"Vienna, AT 04/18/2027",AT,04/18/2027
Washington State Marathon,"Seattle, WA 04/18/2027",WA,04/18/2027
Boston Marathon,"Boston, MA 04/19/2027",MA,04/19/2027
Illinois Marathon,"Champaign-Urbana, IL 04/24/2027",IL,04/24/2027
Rock n Roll Nashville Marathon,"Nashville, TN 04/24/2027",TN,04/24/2027
Kentucky Derby Festival Marathon,"Louisville, KY 04/24/2027",KY,04/24/2027
Salt Lake City Marathon,"Salt Lake City, UT 04/24/2027",UT,04/24/2027
Wisconsin Marathon,"Kenosha, WI 04/24/2027",WI,04/24/2027
Great Woods Marathon,"Mansfield, MA 04/24/2027",MA,04/24/2027
Thelma and Louise Marathon,"Moab, UT 04/24/2027",UT,04/24/2027
Kewash Marathon,"Washington, IA 04/24/2027",IA,04/24/2027
Eugene Marathon,"Eugene, OR 04/25/2027",OR,04/25/2027
Garmin Olathe Marathon,"Olathe, KS 04/25/2026",KS,04/25/2026
Nauvoo Marathon,"Nauvoo, IL 04/25/2026",IL,04/25/2026
Big Sur International Marathon,"Carmel, CA 04/25/2027",CA,04/25/2027
Mississauga Marathon,"Mississauga, ON 04/25/2027",ON,04/25/2027
Gopher Attack Marathon,"Regina, SK 04/25/2027",SK,04/25/2027
Frisco Marathon,"Willard, MO 04/25/2026",MO,04/25/2026
Oklahoma City Memorial Marathon,"Oklahoma City, OK 04/25/2027",OK,04/25/2027
Glass City Marathon,"Toledo, OH 04/25/2027",OH,04/25/2027
Maui Marathon,"Kaanapali, HI 04/25/2027",HI,04/25/2027
Trail Marathon,"Pinckney, MI 04/25/2026",MI,04/25/2026
Gettysburg North-South Marathon,"Gettysburg, PA 04/25/2027",PA,04/25/2027
Kalamazoo Marathon,"Kalamazoo, MI 04/25/2027",MI,04/25/2027
Run with Scissors Marathon,"Brighton, CO 04/25/2026",CO,04/25/2026
Connemara International Marathon,"Galway, IE 04/25/2027",IE,04/25/2027
London Marathon,"London, UK 04/25/2027",UK,04/25/2027
Hamburg Marathon,"Hamburg, GR 04/25/2027",GR,04/25/2027
St. Lawrence Marathon,"Cornwall, ON 04/25/2026",ON,04/25/2026
Jim Thorpe Marathon,"Jim Thorpe, PA 04/25/2027",PA,04/25/2027
Non Cancelled Marathon,"Oconomowoc, WI 04/25/2026",WI,04/25/2026
Cedar Rapids Marathon,"Cedar Rapids, IA 04/25/2027",IA,04/25/2027
Valley Thaw Out Races Marathon,"Palmer, AK 04/25/2026",AK,04/25/2026
Whidbey Island Marathon,"Oak Harbor, WA 04/26/2026",WA,04/26/2026
Backside Trail Marathon,"Louisville, KY 04/27/2025",KY,04/27/2025
Alexander the Great Marathon,"Pella, GC 04/26/2026",GC,04/26/2026
Tidewater Strider Marathon,"Chesapeake, VA 04/26/2026",VA,04/26/2026
2Slow4Boston Marathon,"Greer, SC 04/26/2026",SC,04/26/2026
Run the Rock Marathon,"Janesville, WI 04/26/2026",WI,04/26/2026
Pioneer Marathon,"Colby, KS 04/26/2025",KS,04/26/2025
Fort Wayne Marathon,"Fort Wayne, IN 04/26/2026",IN,04/26/2026
MV Spring Classic Marathon,"Marthas Vineyard, MA 04/26/2026",MA,04/26/2026
Shiprock Marathon,"Shiprock, NM 05/01/2027",NM,05/01/2027
Farm Park Marathon,"Derwood, MD 05/01/2027",MD,05/01/2027
IronHorse Marathon,"Riceville, IA 05/01/2027",IA,05/01/2027
Great Allegheny Ohiopyle Marathon,"Ohiopyle, PA 05/01/2027",PA,05/01/2027
Flying Pig Marathon,"Cincinnati, OH 05/02/2027",OH,05/02/2027
OC Marathon,"Costa Mesa, CA 05/02/2027",CA,05/02/2027
Toronto Marathon,"Toronto, ON 05/02/2027",ON,05/02/2027
Pittsburgh Marathon,"Pittsburgh, PA 05/02/2027",PA,05/02/2027
Brainerd Jaycees Run for the Lakes Marathon,"Nisswa, MN 05/02/2026",MN,05/02/2026
Tacoma City Marathon,"Tacoma, WA 05/02/2027",WA,05/02/2027
Colorado Marathon,"Fort Collins, CO 05/02/2027",CO,05/02/2027
Wild West Marathon,"Lone Pine, CA 05/02/2026",CA,05/02/2026
Potomac River Run Marathon,"Washington, DC 05/02/2026",DC,05/02/2026
Lincoln Marathon,"Lincoln, NE 05/02/2027",NE,05/02/2027
Eau Claire Marathon,"Eau Claire, WI 05/02/2027",WI,05/02/2027
Avenue of the Giants Marathon,"Weott, CA 05/02/2027",CA,05/02/2027
Chicagoland Spring Marathon,"Schaumburg, IL 05/02/2027",IL,05/02/2027
Maine Coast Marathon,"Wells, ME 05/02/2027",ME,05/02/2027
La Crosse Marathon,"La Crosse, WI 05/02/2026",WI,05/02/2026
Boise River Marathon,"Boise, ID 05/02/2027",ID,05/02/2027
Hudson Valley Marathon at the Walkway Over the Hudson,"Highland, NY 05/02/2027",NY,05/02/2027
Providence Rhode Races Marathon,"Providence, RI 05/02/2027",RI,05/02/2027
Garmin Durham Marathon,"Durham, NC 05/02/2026",NC,05/02/2026
Vancouver Marathon,"Vancouver, BC 05/03/2026",BC,05/03/2026
Walter Childs Memorial Race of Champions Marathon,"Holyoke, MA 05/03/2026",MA,05/03/2026
Long Island Marathon,"East Meadow, NY 05/03/2026",NY,05/03/2026
York Marathon,"York, PA 05/03/2026",PA,05/03/2026
Charles River Marathon,"Boston, MA 05/03/2026",MA,05/03/2026
Sombrero Marathon,"Santa Clarita, CA 05/03/2026",CA,05/03/2026
Georgina Spring Fling Marathon,"Georgina, ON 05/03/2026",ON,05/03/2026
Belfast City Marathon,"Belfast, IE 05/03/2026",IE,05/03/2026
Lake Wobegon Trail Marathon,"St. Joseph, MN 05/08/2027",MN,05/08/2027
Maple Leaf Marathon,"Fairlee, VT 05/08/2026",VT,05/08/2026
Fredericton Marathon,"Fredericton, NB 05/09/2027",NB,05/09/2027
Grizzly Peak Trail Run Marathon,"Berkeley, CA 05/09/2026",CA,05/09/2026
Starved Rock Country Marathon,"Ottawa, IL 05/09/2026",IL,05/09/2026
Granite State Marathon,"Nashua, NH 05/09/2026",NH,05/09/2026
Copenhagen Marathon,"Copenhagen, DK 05/09/2027",DK,05/09/2027
Pine Tree Marathon,"Portland, ME 05/10/2026",ME,05/10/2026
Wildflower Trail Races Marathon,"Bastrop, TX 05/10/2026",TX,05/10/2026
Famous Idaho Potato Marathon,"Boise, ID 05/15/2027",ID,05/15/2027
Beach to Bay Marathon,"Corpus Christi, TX 05/15/2027",TX,05/15/2027
Cleveland Marathon,"Cleveland, OH 05/16/2027",OH,05/16/2027
Windermere Marathon,"Spokane, WA 05/16/2027",WA,05/16/2027
Ogden Marathon,"Ogden, UT 05/16/2026",UT,05/16/2026
Berryman Marathon,"Potosi, MO 05/16/2026",MO,05/16/2026
Colfax Marathon,"Denver, CO 05/16/2027",CO,05/16/2027
Dances with Dirt Marathon - Indiana,"Gnaw Bone, IN 05/16/2026",IN,05/16/2026
Sehgahunda Trail Marathon,"Hunt, NY 05/16/2026",NY,05/16/2026
New River Marathon,"Fleetwood, NC 05/16/2026",NC,05/16/2026
Timp Trail Marathon,"Orem, UT 05/16/2026",UT,05/16/2026
Three Days at the Fair Marathon (Spring),"Augusta, NJ 05/16/2027",NJ,05/16/2027
Madeline Island Marathon,"La Pointe, WI 05/16/2026",WI,05/16/2026
Epic Marathon,"Green Bay, WI 05/16/2027",WI,05/16/2027
Guernsey County Crossroads Marathon,"Cambridge, OH 05/16/2026",OH,05/16/2026
Sugarloaf Marathon,"Kingfield, ME 05/17/2026",ME,05/17/2026
Woodys RV World Marathon,"Red Deer, AB 05/17/2026",AB,05/17/2026
Capital City Marathon,"Olympia, WA 05/17/2026",WA,05/17/2026
Med City Marathon,"Rochester, MN 05/17/2026",MN,05/17/2026
Armed Services Marathon,"Grand Haven, MI 05/17/2026",MI,05/17/2026
Steel Rail Marathon,"Pittsfield, MA 05/17/2026",MA,05/17/2026
Revel Reno Tahoe Marathon,"Reno, NV 05/17/2026",NV,05/17/2026
Fargo Marathon,"Fargo, ND 05/22/2027",ND,05/22/2027
Whitefish Marathon,"Whitefish, MT 05/22/2027",MT,05/22/2027
Blue Nose Marathon,"Halifax, NS 05/23/2027",NS,05/23/2027
Prince of Wales Island Marathon,"Craig, AK 05/23/2026",AK,05/23/2026
Beaverhead Marathon,"Dillon, MT 05/23/2026",MT,05/23/2026
Cape Town Marathon,"Cape Town, ZA 05/23/2027",ZA,05/23/2027
Sudbury Rocks Marathon,"Sudbury, ON 05/24/2026",ON,05/24/2026
Wyoming Marathon,"Laramie, WY 05/24/2026",WY,05/24/2026
Northwoods Escape Marathon,"Minocqua, WI 05/24/2026",WI,05/24/2026
Bayshore Marathon,"Traverse City, MI 05/29/2027",MI,05/29/2027
Old Colony Marathon,"Springfield, MA 05/29/2026",MA,05/29/2026
Stockholm Marathon,"Stockholm, SE 05/29/2027",SE,05/29/2027
Mud Mountain Dam (Spring) Marathon,"Enumclaw, WA 05/29/2027",WA,05/29/2027
Vermont City Marathon,"Burlington, VT 05/30/2027",VT,05/30/2027
Calgary Marathon,"Calgary, AB 05/30/2027",AB,05/30/2027
Ottawa Marathon,"Ottawa, ON 05/30/2027",ON,05/30/2027
Saskatchewan Marathon,"Saskatoon, SK 05/30/2027",SK,05/30/2027
Coeur d Alene Marathon,"Coeur d' Alene, ID 05/30/2027",ID,05/30/2027
Buffalo Marathon,"Buffalo, NY 05/30/2027",NY,05/30/2027
Edinburgh Marathon,"Edinburgh, UK 05/30/2027",UK,05/30/2027
Nutmeg State Marathon,"Hartford, CT 05/30/2026",CT,05/30/2026
Course des Pompiers Marathon,"Laval, QC 05/30/2027",QC,05/30/2027
Conquer the Cove Trail Marathon,"Roanoke, VA 05/31/2026",VA,05/31/2026
Red Island Marathon,"Warwick, RI 05/31/2026",RI,05/31/2026
Bear Lake Wyoming Marathon,"Cokeville, WY 06/04/2026",WY,06/04/2026
Utah Valley Marathon,"Provo, UT 06/05/2027",UT,06/05/2027
Newport Marathon (OR),"Newport, OR 06/05/2027",OR,06/05/2027
Bear Lake Idaho Marathon,"Bear Lake, ID 06/05/2026",ID,06/05/2026
MISH Waterfront Marathon,"Gladstone, MI 06/05/2027",MI,06/05/2027
Rock n Roll San Diego Marathon,"San Diego, CA 06/06/2027",CA,06/06/2027
Steamboat Marathon,"Steamboat Springs, CO 06/06/2027",CO,06/06/2027
Green River Marathon,"Kent, WA 06/06/2026",WA,06/06/2026
Gods Country Marathon Race Series,"Galeton, PA 06/06/2026",PA,06/06/2026
Teton Dam Marathon,"Rexburg, ID 06/06/2026",ID,06/06/2026
Bear Lake Utah Marathon,"Garden City, UT 06/06/2026",UT,06/06/2026
Timberline Marathon,"Timothy Lake, OR 06/06/2026",OR,06/06/2026
1/2 Sauer 1/2 Kraut Marathon,"Philadelphia, PA 06/06/2026",PA,06/06/2026
Race the Lake Marathon,"Cooperstown, NY 06/06/2026",NY,06/06/2026
Bear Paw Marathon,"Havre, MT 06/06/2026",MT,06/06/2026
Aruba Marathon,"Noord, AA 06/06/2027",AA,06/06/2027
Williston Marathon,"Williston, ND 06/06/2026",ND,06/06/2026
Drumheller Marathon,"Seattle, WA 06/06/2026",WA,06/06/2026
Sevier Valley Marathon,"Richfield, UT 06/06/2026",UT,06/06/2026
Cork City Marathon,"Cork, IE 06/06/2027",IE,06/06/2027
Casper Marathon,"Casper, WY 06/07/2026",WY,06/07/2026
North Olympic Discovery Marathon,"Port Angeles, WA 06/07/2026",WA,06/07/2026
Deadwood-Mickelson Trail Marathon,"Deadwood, SD 06/07/2026",SD,06/07/2026
Light at the End of the Tunnel Marathon,"North Bend, WA 06/07/2026",WA,06/07/2026
Maritime Marathon,"Manitowoc, WI 06/07/2026",WI,06/07/2026
Baie-des-Chaleurs Marathon,"Carleton, QC 06/07/2026",QC,06/07/2026
Seaside Marathon,"Ventura, CA 06/07/2026",CA,06/07/2026
Great Bangor Marathon,"Bangor, ME 06/07/2026",ME,06/07/2026
Rio Marathon,"Rio de Janeiro, BR 06/07/2026",BR,06/07/2026
Hatfield-McCoy Marathon,"Williamson, WV 06/12/2027",WV,06/12/2027
Skagway Marathon,"Skagway, AK 06/13/2026",AK,06/13/2026
Super Hyak Marathon,"North Bend, WA 06/13/2026",WA,06/13/2026
Jackson River Scenic Trail Marathon,"Covington, VA 06/13/2026",VA,06/13/2026
Moosehead Marathon,"Greenville, ME 06/13/2027",ME,06/13/2027
Zip Code 07662 Marathon,"Rochelle Park, NJ 06/13/2026",NJ,06/13/2026
Wicked Fast (CA) Marathon,"El Cajon, CA 06/13/2026",CA,06/13/2026
Lake Placid Marathon,"Lake Placid, NY 06/14/2026",NY,06/14/2026
Bound for Boston (Seattle) Marathon,"Olympia, WA 06/14/2026",WA,06/14/2026
XCelsior Marathon,"Valley Cottage,, NY 06/14/2026",NY,06/14/2026
Mayors Marathon,"Anchorage, AK 06/20/2026",AK,06/20/2026
Grandmas Marathon,"Duluth, MN 06/19/2027",MN,06/19/2027
Niagara Ultra Races Marathon,"Niagara-on-the-Lake, ON 06/20/2026",ON,06/20/2026
Boise Marathon,"Boise, ID 06/20/2026",ID,06/20/2026
Two Hearted Trail Marathon,"Paradise, MI 06/20/2026",MI,06/20/2026
Orange Curtain Marathon,"Cerritos, CA 06/20/2026",CA,06/20/2026
Community Strong Weekend Marathon,"Sault Ste. Marie, ON 06/21/2026",ON,06/21/2026
Estes Park Marathon,"Estes Park, CO 06/21/2026",CO,06/21/2026
Manitoba Marathon,"Winnipeg, MB 06/21/2026",MB,06/21/2026
Charlevoix Marathon,"Charlevoix, MI 06/20/2026",MI,06/20/2026
Bay of Fundy Marathon,"Lubec , ME 06/21/2026",ME,06/21/2026
Running with the Devil Marathon,"Las Vegas, NV 06/27/2026",NV,06/27/2026
Leadville Trail Marathon,"Leadville, CO 06/27/2026",CO,06/27/2026
Missoula Marathon,"Missoula, MT 06/27/2027",MT,06/27/2027
Morgan Valley Marathon,"Morgan, UT 06/27/2026",UT,06/27/2026
Foot Traffic Flat Marathon,"Portland, OR 07/04/2027",OR,07/04/2027
Kona Marathon,"Kailua-Kona, HI 07/04/2026",HI,07/04/2026
Gold Coast Marathon,"Southport, AU 07/05/2026",AU,07/05/2026
Eugene Curnow Trail Marathon,"Duluth, MN 07/11/2026",MN,07/11/2026
Madison Marathon (Montana),"Ennis, MT 07/11/2026",MT,07/11/2026
Dances with Dirt Marathon - Devils Lake,"Baraboo, WI 07/11/2026",WI,07/11/2026
San Lorenzo River Marathon,"Santa Cruz, CA 07/11/2026",CA,07/11/2026
Waugoshance Trail Marathon,"Mackinaw City, MI 07/11/2026",MI,07/11/2026
Mad Marathon,"Waitsfield, VT 07/12/2026",VT,07/12/2026
Big Sky Marathon,"Varney, MT 07/12/2026",MT,07/12/2026
Shoreline Marathon,"Ventura, CA 07/12/2026",CA,07/12/2026
Great Augusta Marathon,"Augusta, ME 07/12/2026",ME,07/12/2026
Mesa Falls Marathon,"Ashton, ID 07/18/2026",ID,07/18/2026
King Salmon Marathon,"Cordova, AK 07/18/2026",AK,07/18/2026
Totem to Totem Marathon,"Skidegate, BC 07/18/2026",BC,07/18/2026
Nova Scotia Marathon,"Barrington, NS 07/19/2026",NS,07/19/2026
Ruidoso Marathon,"Ruidoso, NM 09/19/2026",NM,09/19/2026
Deseret News Marathon,"Salt Lake City, UT 07/24/2026",UT,07/24/2026
Aspen Valley Marathon,"Basalt, CO 07/25/2026",CO,07/25/2026
Run the Pier Marathon,"Manistee, MI 07/24/2027",MI,07/24/2027
Grand Island Trail Marathon,"Munising, MI 07/25/2026",MI,07/25/2026
Juneau Marathon,"Juneau, AK 07/25/2026",AK,07/25/2026
Idaho Falls Marathon,"Idaho Falls, ID 07/25/2026",ID,07/25/2026
Conquer the Canyon Marathon,"Wellsboro, PA 07/24/2027",PA,07/24/2027
Jack and Jills Downhill Marathon (Saturday),"North Bend, WA 07/25/2026",WA,07/25/2026
Xenia Avenue Marathon,"Brooklyn Park, MN 07/25/2026",MN,07/25/2026
Run for the Elk Marathon,"Emporium, PA 07/25/2027",PA,07/25/2027
Austin Solstice Circuit Marathon,"Spicewood, TX 07/25/2026",TX,07/25/2026
San Francisco Marathon,"San Francisco, CA 07/26/2026",CA,07/26/2026
Jack and Jills Downhill Marathon,"North Bend, WA 07/26/2026",WA,07/26/2026
Extraterrestrial Full Moon Midnight Marathon,"Rachel, NV 08/01/2026",NV,08/01/2026
Hatcher Pass Marathon,"Willow, AK 08/01/2026",AK,08/01/2026
Moorehead Park Trail Mazathon,"Ida Grove, IA 08/01/2026",IA,08/01/2026
Valentine Marathon,"Valentine, NE 08/01/2026",NE,08/01/2026
Yukon River Trail Marathon,"Whitehorse, YT 08/02/2026",YT,08/02/2026
Camarillo Marathon,"Camarillo, CA 08/02/2026",CA,08/02/2026
Bound for Boston (Denver) Marathon,"Denver, CO 08/02/2026",CO,08/02/2026
Paavo Marathon,"Hurley, WI 08/08/2026",WI,08/08/2026
Haulin Aspen Trail Marathon,"Bend, OR 08/08/2026",OR,08/08/2026
Skyline Mountain Marathon,"Eden, UT 08/08/2026",UT,08/08/2026
Crater Lake Marathon,"Crater Lake, OR 08/09/2025",OR,08/09/2025
Bearfest Marathon,"Wrangell, AK 08/09/2026",AK,08/09/2026
Humboldt Bay Marathon,"Eureka, CA 08/09/2026",CA,08/09/2026
Tunnel Vision Marathon,"North Bend, WA 08/09/2026",WA,08/09/2026
Great Waterville Marathon,"Waterville, ME 08/09/2026",ME,08/09/2026
Drake Well Marathon,"Titusville, PA 08/15/2026",PA,08/15/2026
Run with the Horses Marathon,"Green River, WY 08/15/2026",WY,08/15/2026
Med Bow Rail Marathon,"Laramie, WY 08/15/2026",WY,08/15/2026
Boulder Rez Marathon,"Boulder, CO 08/15/2026",CO,08/15/2026
Wicked Fast (MT) Marathon,"Pine Creek, MT 08/15/2026",MT,08/15/2026
Humpys Marathon,"Anchorage, AK 08/16/2026",AK,08/16/2026
Edmonton Marathon,"Edmonton, AB 08/16/2026",AB,08/16/2026
Moose Mountain (Alberta) Marathon,"Bragg Creek, AB 08/22/2026",AB,08/22/2026
Reykjavik Marathon,"Reykjavik, IS 08/22/2026",IS,08/22/2026
Staunton Rocks! Marathon,"Pine, CO 08/22/2026",CO,08/22/2026
Leading Ladies Marathon,"Spearfish, SD 08/23/2026",SD,08/23/2026
Santa Rosa Marathon,"Santa Rosa, CA 08/23/2026",CA,08/23/2026
Yellowknife Overlander Marathon,"Yellowknife, NT 08/23/2026",NT,08/23/2026
Wausau Marathon,"Wausau, WI 08/23/2026",WI,08/23/2026
New England Green River Marathon,"Greenfield, MA 08/23/2026",MA,08/23/2026
Bound for Boston (Milwaukee) Marathon,"Menomonee Falls, WI 08/23/2026",WI,08/23/2026
Sri Chinmoy Marathon,"Congers, NY 08/24/2026",NY,08/24/2026
North Country Trail Marathon,"Manistee National Forest, MI 08/29/2026",MI,08/29/2026
Runtastic NEBO Marathon,"Payson, UT 08/29/2026",UT,08/29/2026
Nebraska State Fair Marathon,"Grand Island, NE 08/29/2026",NE,08/29/2026
East Canyon Marathon,"Morgan, UT 08/29/2026",UT,08/29/2026
Monster Trail Marathon,"Virgil, NY 08/30/2026",NY,08/30/2026
Mexico City Marathon,"Mexico City, MX 08/30/2026",MX,08/30/2026
Appletree Marathon,"Vancouver, WA 08/30/2026",WA,08/30/2026
Sydney Marathon,"Sydney, AU 08/30/2026",AU,08/30/2026
Millennium Meadows Marathon,"Grand Rapids, MI 08/30/2026",MI,08/30/2026
Moonlight on the Falls Marathon,"Davis, WV 08/30/2026",WV,08/30/2026
Pocatello Marathon,"Pocatello, ID 09/05/2026",ID,09/05/2026
Salmon Marathon,"Salmon, ID 09/05/2026",ID,09/05/2026
Marquette Marathon,"Marquette, MI 09/05/2026",MI,09/05/2026
Abebe Bikila Day International Peace Marathon,"Washington, DC 09/05/2026",DC,09/05/2026
Cadillac Festival of Races Marathon,"Cadillac , MI 09/05/2026",MI,09/05/2026
Nebraska Marathon,"Papillion, NE 09/05/2026",NE,09/05/2026
Tupelo Marathon,"Tupelo, MS 09/06/2026",MS,09/06/2026
Kauai Marathon,"Poipu, HI 09/06/2026",HI,09/06/2026
Minocqua No Frills Marathon,"Minocqua, WI 09/06/2026",WI,09/06/2026
Surfers Point Marathon,"Ventura, CA 09/06/2026",CA,09/06/2026
Last Chance BQ.2 Marathon,"Geneva, IL 09/06/2026",IL,09/06/2026
Beantown Marathon,"Hingham, MA 09/06/2026",MA,09/06/2026
Bound for Boston Marathon,"Suwanee, GA 09/06/2026",GA,09/06/2026
Sackets Harbor Marathon,"Sackets Harbor, NY 09/06/2026",NY,09/06/2026
AIDSPIRIT USA Marathon,"Harlowton, MT 09/06/2026",MT,09/06/2026
Bootleg Marathon,"Oak Ridge, TN 09/06/2026",TN,09/06/2026
Heart of America Marathon,"Columbia, MO 09/07/2026",MO,09/07/2026
Sunbury Marathon,"Sunbury, OH 09/12/2026",OH,09/12/2026
Moose Mountain Marathon,"Lutsen, MN 09/12/2026",MN,09/12/2026
Odyssey Trail Running Rampage Marathon,"Millboro, VA 09/12/2026",VA,09/12/2026
Run Woodstock Marathon,"Gregory, MI 09/12/2026",MI,09/12/2026
REVEL Big Cottonwood Marathon,"Murray, UT 09/12/2026",UT,09/12/2026
Wabash Trace Nature Trail Marathon,"Shenandoah, IA 09/12/2026",IA,09/12/2026
Elroy Apple Dumpling Day Marathon,"Elroy, WI 09/12/2026",WI,09/12/2026
Beat the Blerch (Carnation Saturday),"Carnation, WA 09/12/2026",WA,09/12/2026
DoLittle Marathon,"Waukesha, WI 09/12/2026",WI,09/12/2026
Cascade Express Marathon,"North Bend, WA 09/12/2026",WA,09/12/2026
Old Forge Marathon,"Old Forge, NY 09/12/2026",NY,09/12/2026
Lock 2 Lock Marathon,"Williamsport, MD 09/12/2026",MD,09/12/2026
Wicked Fast (PA) Marathon,"Jim Thorpe, PA 09/12/2026",PA,09/12/2026
Three Sisters Marathon,"Danville, VA 09/12/2026",VA,09/12/2026
Malad Valley Marathon,"Malad City, ID 09/12/2026",ID,09/12/2026
Queen City Marathon,"Regina, SK 09/13/2026",SK,09/13/2026
Erie Marathon,"Erie, PA 09/13/2026",PA,09/13/2026
Skagit Flats Marathon,"Burlington, WA 09/13/2026",WA,09/13/2026
Uniformed Services Run Marathon,"St. Johns, NL 09/13/2026",NL,09/13/2026
Boring Marathon,"Gresham, OR 09/13/2026",OR,09/13/2026
Last Chance BQ.2 (Grand Rapids) Marathon,"Grand Rapids, MI 09/13/2026",MI,09/13/2026
Holland Haven Marathon,"Holland, MI 09/13/2026",MI,09/13/2026
Tunnel Light Marathon,"North Bend, WA 09/13/2026",WA,09/13/2026
Sundance to Spearfish Marathon,"Spearfish, SD 09/13/2026",SD,09/13/2026
Georgina Marathon,"Georgina, ON 09/13/2026",ON,09/13/2026
Elk River Rail Trail Marathon,"Duck, WV 09/13/2026",WV,09/13/2026
Boston or Bust Marathon,"Huntsville, AL 09/13/2026",AL,09/13/2026
Charles River Marathon Invitational,"Boston, MA 09/13/2026",MA,09/13/2026
United States Air Force Marathon,"Dayton, OH 09/19/2026",OH,09/19/2026
Equinox Marathon,"Fairbanks, AK 09/19/2026",AK,09/19/2026
Priest Lake Marathon,"Priest Lake, ID 09/19/2026",ID,09/19/2026
Huntsville Marathon,"Huntsville, UT 09/20/2025",UT,09/20/2025
That Dam Hill Marathon,"London, ON 09/19/2026",ON,09/19/2026
Top of Utah Marathon,"Logan, UT 09/19/2026",UT,09/19/2026
Devil after Dark Marathon,"Las Vegas, NV 09/19/2026",NV,09/19/2026
Best of the West Marathon,"Ravenna, OH 09/19/2026",OH,09/19/2026
Mud Mountain Dam (Fall) Marathon,"Enumclaw, WA 09/19/2026",WA,09/19/2026
Back Your Badge Marathon,"Plainfield, IN 09/20/2026",IN,09/20/2026
Pikes Peak Marathon,"Manitou Springs, CO 09/20/2026",CO,09/20/2026
Treherne Marathon,"Treherne, MB 09/20/2026",MB,09/20/2026
Bismarck Marathon,"Bismarck, ND 09/20/2026",ND,09/20/2026
Yonkers Marathon,"Yonkers, NY 09/20/2026",NY,09/20/2026
Montana Marathon,"Billings, MT 09/20/2026",MT,09/20/2026
Fox Cities Marathon,"Appleton, WI 09/20/2026",WI,09/20/2026
Bellingham Bay Marathon,"Bellingham, WA 09/20/2026",WA,09/20/2026
Honest Abe Trail Marathon,"Lincoln City, IN 09/20/2026",IN,09/20/2026
Fox Valley Marathon,"St. Charles, IL 09/20/2026",IL,09/20/2026
Sioux Falls Marathon,"Sioux Falls, SD 09/20/2026",SD,09/20/2026
Pacific Northwest Marathon,"Harrisburg, OR 09/20/2025",OR,09/20/2025
Adrenaline Races Marathon,"West Bend, WI 09/20/2026",WI,09/20/2026
Buenos Aires Marathon,"Buenos Aires, AG 09/20/2026",AG,09/20/2026
Great Lincoln Marathon,"Lincoln, ME 09/20/2026",ME,09/20/2026
Fall Equinox Marathon,"Fort Collins, CO 09/20/2026",CO,09/20/2026
Garmin Toledo Marathon,"Toledo, OH 09/20/2026",OH,09/20/2026
Bound for Boston Marathon (Oklahoma City),"Yukon, OK 09/20/2026",OK,09/20/2026
Hamptons Marathon,"East Hampton, NY 09/26/2026",NY,09/26/2026
Big Sur Trail Marathon,"Big Sur, CA 09/26/2026",CA,09/26/2026
Akron Marathon,"Akron, OH 09/26/2026",OH,09/26/2026
American Birkebeiner Marathon,"Hayward, WI 09/26/2026",WI,09/26/2026
Jackson Hole Marathon,"Jackson Hole, WY 09/26/2026",WY,09/26/2026
Monument Marathon,"Gering, NE 09/26/2026",NE,09/26/2026
Mill Race Marathon,"Columbus, IN 09/26/2026",IN,09/26/2026
Belleville Main Street Marathon,"Belleville, IL 09/26/2026",IL,09/26/2026
St. Joseph Missouri Marathon,"St. Joseph, MO 09/26/2026",MO,09/26/2026
Fidalgo Trail Run Marathon,"Anacortes, WA 09/26/2026",WA,09/26/2026
Utah Marathon,"Oakley, UT 09/26/2026",UT,09/26/2026
Omaha Marathon,"Omaha, NE 09/27/2026",NE,09/27/2026
Adirondack Marathon,"Schroon Lake, NY 09/27/2026",NY,09/27/2026
Quad Cities Marathon,"Moline, IL 09/27/2026",IL,09/27/2026
Clarence DeMar Marathon,"Keene, NH 09/27/2026",NH,09/27/2026
Kenai River Marathon,"Kenai, AK 09/27/2026",AK,09/27/2026
Berlin Marathon,"Berlin, GR 09/27/2026",GR,09/27/2026
Loch Ness Marathon,"Inverness, UK 09/27/2026",UK,09/27/2026
,"Boulder, CO 09/27/2026",CO,09/27/2026
Warsaw Marathon,"Warsaw, PL 09/27/2026",PL,09/27/2026
New Hampshire Marathon,"Bristol, NH 10/03/2026",NH,10/03/2026
St. George Marathon,"St. George, UT 10/03/2026",UT,10/03/2026
Brookings Marathon,"Brookings, SD 10/03/2026",SD,10/03/2026
Flagstaff Marathon,"Flagstaff, AZ 10/03/2026",AZ,10/03/2026
Leavenworth Marathon,"Leavenworth, WA 10/03/2026",WA,10/03/2026
Towpath Marathon,"Cleveland, OH 10/03/2026",OH,10/03/2026
Sleeping Bear Marathon,"Empire, MI 10/03/2026",MI,10/03/2026
NJ Trail Series One Day Marathon,"Augusta, NJ 10/03/2026",NJ,10/03/2026
Kingdom Marathon,"West Glover, VT 10/03/2026",VT,10/03/2026
Colorado Springs Marathon,"Colorado Springs, CO 10/03/2026",CO,10/03/2026
Twin Cities Marathon,"St. Paul, MN 10/04/2026",MN,10/04/2026
Portland Marathon,"Portland, OR 10/04/2026",OR,10/04/2026
Maine Marathon,"Portland, ME 10/04/2026",ME,10/04/2026
Lakefront Marathon,"Milwaukee, WI 10/04/2026",WI,10/04/2026
Wineglass Marathon,"Corning, NY 10/04/2026",NY,10/04/2026
Nip Muck Trail Marathon,"Ashford, CT 10/04/2026",CT,10/04/2026
Quebec City Marathon,"Quebec, QC 10/04/2026",QC,10/04/2026
County Marathon,"Picton, ON 10/04/2026",ON,10/04/2026
Run Crazy Horse Marathon,"Hill City, SD 10/04/2026",SD,10/04/2026
Ann Arbor Marathon,"Ann Arbor, MI 10/04/2026",MI,10/04/2026
P tit Train du Nord Marathon,"Saint-Jerome, QC 10/04/2026",QC,10/04/2026
Greenbrier River Trail Marathon,"Cass, WV 10/04/2026",WV,10/04/2026
BHM 26.2 Marathon,"Birmingham, AL 10/04/2026",AL,10/04/2026
Hua Sports Marathon,"Point of Rocks, MD 10/04/2026",MD,10/04/2026
Windsor Marathon,"Windsor, CO 10/04/2026",CO,10/04/2026
Muskoka Marathon,"Bracebridge, ON 10/04/2026",ON,10/04/2026
Little Apple Marathon,"Manhattan, KS TBD",KS,TBD
Antelope Island Marathon,"Antelope Island, UT 10/09/2026",UT,10/09/2026
Hartford Marathon,"Hartford, CT 10/10/2026",CT,10/10/2026
Whiskey Row Marathon,"Prescott, AZ 10/10/2026",AZ,10/10/2026
City of Trees Marathon,"Boise, ID 10/10/2026",ID,10/10/2026
Whistlestop Marathon,"Ashland, WI 10/10/2026",WI,10/10/2026
Arkansas Marathon,"Booneville, AR 10/10/2026",AR,10/10/2026
Freedoms Run Marathon,"Shepherdstown, WV 10/10/2026",WV,10/10/2026
Des Plaines River Trail Marathon,"Lincolnshire, IL 10/10/2026",IL,10/10/2026
Bemidji Blue Ox Marathon,"Bemidji, MN 10/10/2026",MN,10/10/2026
Escalante Canyons Marathon,"Escalante, UT 10/10/2026",UT,10/10/2026
,"Hayden Lake, ID 10/10/2026",ID,10/10/2026
Gandy Dancer Marathon,"Luck, WI 10/10/2026",WI,10/10/2026
Rogue Marathon,"Medford, OR 10/10/2026",OR,10/10/2026
Breckenridge Road Marathon,"Breckenridge, CO 10/10/2026",CO,10/10/2026
Long View Marathon,"Loveland, CO 10/10/2026",CO,10/10/2026
Pocono Mountains Marathon,"Greentown, PA 10/10/2026",PA,10/10/2026
Holloman Ace of Races Marathon,"Alamogordo, NM 10/10/2026",NM,10/10/2026
Steamtown Marathon,"Scranton, PA 10/11/2026",PA,10/11/2026
Chicago Marathon,"Chicago, IL 10/11/2026",IL,10/11/2026
Long Beach Marathon,"Long Beach, CA 10/11/2026",CA,10/11/2026
Mohawk-Hudson River Marathon,"Albany, NY 10/11/2026",NY,10/11/2026
Prairie Fire Marathon,"Wichita, KS 10/11/2026",KS,10/11/2026
Cape Cod Marathon,"Falmouth, MA 10/11/2026",MA,10/11/2026
Valley Harvest Marathon,"Wolfville, NS 10/11/2026",NS,10/11/2026
,"Spokane, WA 10/11/2026",WA,10/11/2026
Victoria Marathon,"Victoria, BC 10/11/2026",BC,10/11/2026
Ottawa Fall Colours Marathon,"Ottawa, ON 10/11/2026",ON,10/11/2026
Bizz Johnson Marathon,"Susanville, CA 10/11/2026",CA,10/11/2026
Humboldt Redwoods Marathon,"Weott, CA 10/11/2026",CA,10/11/2026
Newport Marathon (RI),"Newport, RI 10/11/2026",RI,10/11/2026
Marathon de Magog,"Magog, QC 10/11/2026",QC,10/11/2026
Snohomish River Run Marathon,"Snohomish, WA 10/11/2026",WA,10/11/2026
Melbourne Marathon,"Melbourne, AU 10/11/2026",AU,10/11/2026
Montreal Marathon,"Montreal, QC 10/11/2026",QC,10/11/2026
Original Las Vegas Marathon,"Henderson, NV 10/11/2026",NV,10/11/2026
Durango Marathon,"Durango, CO 10/11/2026",CO,10/11/2026
Lakeside Marathon,"Spooner Lake, NV 10/16/2026",NV,10/16/2026
Kansas City Marathon,"Kansas City, MO 10/17/2026",MO,10/17/2026
Baltimore Marathon,"Baltimore, MD 10/17/2026",MD,10/17/2026
Tecumseh Trail Marathon,"Bloomington, IN 10/17/2026",IN,10/17/2026
Mankato Marathon,"Mankato, MN 10/17/2026",MN,10/17/2026
Cal-Neva Marathon,"Tahoe City, CA 10/17/2026",CA,10/17/2026
Potomac River Run Marathon (October),"Washington, DC 10/17/2026",DC,10/17/2026
Cannonball Marathon,"Greensboro, NC 10/17/2026",NC,10/17/2026
American Bluegrass Classic Marathon,"Paducah, KY 10/17/2026",KY,10/17/2026
Idaho Running Day Marathon,"Boise, ID 10/17/2026",ID,10/17/2026
Mathews Marathon,"Mathews, VA 10/17/2026",VA,10/17/2026
Home for Freedom Marathon,"Wichita Falls, TX 10/17/2026",TX,10/17/2026
Baystate Marathon,"Lowell, MA 10/18/2026",MA,10/18/2026
Lake Tahoe Marathon,"South Lake Tahoe, CA 10/18/2026",CA,10/18/2026
Detroit Free Press Marathon,"Detroit, MI 10/18/2026",MI,10/18/2026
Des Moines Marathon,"Des Moines, IA 10/18/2026",IA,10/18/2026
Columbus Marathon,"Columbus, OH 10/18/2026",OH,10/18/2026
Mount Desert Island Marathon,"Bar Harbor, ME 10/18/2026",ME,10/18/2026
Champlain Islands Marathon,"South Hero, VT 10/18/2026",VT,10/18/2026
Atlantic City Marathon,"Atlantic City, NJ 10/18/2026",NJ,10/18/2026
Mystery Mountain Marathon,"Chatsworth, GA 10/18/2026",GA,10/18/2026
Toronto Waterfront Marathon,"Toronto, ON 10/18/2026",ON,10/18/2026
Blue Sky Marathon,"Fort Collins, CO 10/18/2026",CO,10/18/2026
Prince Edward Island Marathon,"Charlottetown, PE 10/18/2026",PE,10/18/2026
Grand Rapids Marathon,"Grand Rapids, MI 10/18/2026",MI,10/18/2026
Duke City Marathon,"Albuquerque, NM 10/18/2026",NM,10/18/2026
Cape Breton Fiddlers Run Marathon,"Sydney, NS 10/18/2026",NS,10/18/2026
Columbia Gorge Marathon,"Hood River, OR 10/18/2026",OR,10/18/2026
Great New York State Marathon,"Syracuse, NY 10/18/2026",NY,10/18/2026
Silver Falls Trail Marathon,"Silverton, OR 10/18/2026",OR,10/18/2026
Suffolk County Marathon,"Babylon, NY 10/18/2026",NY,10/18/2026
Buzz Sawyer Western Maryland Marathon,"Hancock, MD 10/18/2026",MD,10/18/2026
McKirdy Micro Marathon (Fall),"Walker, MI 10/18/2026",MI,10/18/2026
Jeepers Creepers Marathon,"Santa Clarita, CA 10/18/2026",CA,10/18/2026
Marathon 2 Marathon,"Marathon, TX 10/24/2026",TX,10/24/2026
Spinx Runfest Marathon,"Greenville, SC 10/24/2026",SC,10/24/2026
Justice Run Marathon,"Fort Worth, TX 10/24/2026",TX,10/24/2026
Show Me Your Free State Marathon,"St. Joseph, MO 10/24/2026",MO,10/24/2026
Niagara Falls International Marathon,"Niagara Falls, ON 10/25/2026",ON,10/25/2026
Marine Corps Marathon,"Arlington, VA 10/25/2026",VA,10/25/2026
Tri-Cities Marathon,"Richland, WA 10/25/2026",WA,10/25/2026
Seven Bridges Marathon,"Chattanooga, TN 10/25/2026",TN,10/25/2026
Silver Comet Marathon,"Mableton, GA 10/31/2026",GA,10/31/2026
Emerald Isle Marathon,"Emerald Isle, NC 10/24/2026",NC,10/24/2026
Dublin Marathon,"Dublin, IE 10/25/2026",IE,10/25/2026
Ocean State Rhode Races Marathon,"Narragansett, RI 10/25/2026",RI,10/25/2026
Eryri Marathon,"Llanberis, UK 10/24/2026",UK,10/24/2026
RDC Marathon,"Durham, NC 10/25/2026",NC,10/25/2026
Amsterdam Marathon,"Amsterdam, NR 10/25/2026",NR,10/25/2026
Lubbock Marathon,"Lubbock, TX 10/25/2026",TX,10/25/2026
Haunted Forest Marathon,"Canal Fulton, OH 10/25/2026",OH,10/25/2026
Frankfurt Marathon,"Frankfurt, GR 10/25/2026",GR,10/25/2026
ZombieRunner Halloween Marathon,"San Jose, CA 10/31/2026",CA,10/31/2026
Historic Drawbridge Running Festival Marathon,"St. Michaels, MD 10/31/2026",MD,10/31/2026
New York City Marathon,"New York City, NY 11/01/2026",NY,11/01/2026
City of Oaks Marathon,"Raleigh, NC 11/01/2026",NC,11/01/2026
Hamilton Marathon Road2Hope,"Hamilton, ON 11/01/2026",ON,11/01/2026
Marshall University Marathon,"Huntington, WV 11/01/2026",WV,11/01/2026
Bass Pro Shops Conservation Marathon,"Springfield, MO 11/01/2026",MO,11/01/2026
Two Cities Marathon,"Fresno, CA 11/01/2026",CA,11/01/2026
Rim Rock Marathon,"Fruita, CO 11/01/2026",CO,11/01/2026
Boundary Bay Marathon,"Delta, BC 11/01/2026",BC,11/01/2026
bg26.2 Marathon,"Bowling Green, KY 11/01/2026",KY,11/01/2026
Veterans Marathon (PA),"Black Lick, PA 11/01/2026",PA,11/01/2026
Auckland Marathon,"Auckland, NZ 11/01/2026",NZ,11/01/2026
Louisville Marathon,"Louisville, KY 11/01/2026",KY,11/01/2026
Barbeque Bash Quarters Marathon,"Spencerport, NY 11/01/2026",NY,11/01/2026
Albuquerque Running Fiesta Marathon,"Albuquerque , NM 11/01/2026",NM,11/01/2026
We Got Your Six Running Festival Marathon,"White Plains, MD 11/01/2026",MD,11/01/2026
Lithia Loop Trail Marathon,"Ashland, OR TBD",OR,TBD
Mid-South Marathon,"Wynne, AR 11/07/2026",AR,11/07/2026
Indianapolis Monumental Marathon,"Indianapolis, IN 11/07/2026",IN,11/07/2026
Bobcat Trail Marathon,"Glouster, OH 11/07/2026",OH,11/07/2026
Lake Chabot Trail Marathon,"Castro Valley, CA 11/07/2026",CA,11/07/2026
Moab Trail Marathon,"Moab, UT 11/07/2026",UT,11/07/2026
Springfield Marathon,"Springfield, IL 11/07/2026",IL,11/07/2026
Saddleback Mountain Goat Marathon,"Lake Elsinore, CA 11/07/2026",CA,11/07/2026
Grand Ridge Trail Marathon (November),"Issaquah, WA 11/07/2026",WA,11/07/2026
Chessie Trail Marathon,"Lexington, VA 11/07/2026",VA,11/07/2026
Salina Crossroads Marathon,"Salina, KS 11/07/2026",KS,11/07/2026
Bears Ears Marathon,"Bluff, UT 11/07/2026",UT,11/07/2026
Outer Banks Marathon,"Manteo, NC 11/08/2026",NC,11/08/2026
Harrisburg Marathon,"Harrisburg, PA 11/08/2026",PA,11/08/2026
Manchester City Marathon,"Manchester, NH 11/08/2026",NH,11/08/2026
Fort Worth Marathon,"Fort Worth, TX 11/08/2026",TX,11/08/2026
MO Cowbell Marathon,"St. Charles, MO 11/08/2026",MO,11/08/2026
Athens (Greece) Marathon,"Athens, GC 11/08/2026",GC,11/08/2026
REVEL Big Bear Marathon,"Redlands, CA 11/07/2026",CA,11/07/2026
Thumb Coast Marathon,"Port Austin, MI 11/08/2026",MI,11/08/2026
Garmin Marathon - Tucson,"Tucson, AZ 11/08/2026",AZ,11/08/2026
Chickamauga Battlefield Marathon,"Chickamauga, GA 11/14/2026",GA,11/14/2026
Richmond Marathon,"Richmond, VA 11/14/2026",VA,11/14/2026
Charlotte Marathon,"Charlotte, NC 11/14/2026",NC,11/14/2026
Veterans Marathon,"Columbia City, IN 11/14/2026",IN,11/14/2026
Roxbury Marathon,"Roxbury, CT 11/14/2026",CT,11/14/2026
Tunnel Hill Marathon,"Vienna, IL 11/14/2026",IL,11/14/2026
Central Florida Legends Marathon,"DeBary, FL 11/14/2026",FL,11/14/2026
Ocean City Running Festival Marathon,"Ocean City, MD 11/14/2026",MD,11/14/2026
RYR Endurance Marathon (Saturday),"Owensboro, KY 11/14/2026",KY,11/14/2026
New Orleans Marathon,"New Orleans, LA 11/14/2026",LA,11/14/2026
Rivers and Rails Marathon,"Brunswick, MD 11/14/2026",MD,11/14/2026
Madison Marathon,"Madison, WI 11/15/2026",WI,11/15/2026
Santa Clarita Marathon,"Santa Clarita, CA 11/15/2026",CA,11/15/2026
St. Lukes D and L RaceFest Marathon,"Allentown, PA 11/15/2026",PA,11/15/2026
RYR Endurance Marathon (Sunday),"Owensboro, KY 11/15/2026",KY,11/15/2026
Yeti Endurance Weekend Marathon,"Kansas City, MO 11/15/2026",MO,11/15/2026
Laredo Marathon,"Laredo, TX TBD",TX,TBD
White River Marathon,"Cotter, AR 11/21/2026",AR,11/21/2026
Honoring Our Heroes Marathon,"Rolla, MO 11/21/2026",MO,11/21/2026
Monument Valley Veterans Marathon,"Monument Valley Navajo Tribal , UT 11/21/2026",UT,11/21/2026
Route 66 Marathon,"Tulsa, OK 11/22/2026",OK,11/22/2026
Philadelphia Marathon,"Philadelphia, PA 11/22/2026",PA,11/22/2026
Space Coast Marathon,"Cocoa, FL 11/22/2026",FL,11/22/2026
Gobbler Grind Marathon,"Overland Park, KS 11/22/2026",KS,11/22/2026
Log Jammer Marathon,"Shreveport, LA 11/22/2026",LA,11/22/2026
Harpeth Hills Flying Monkey Marathon,"Nashville, TN 11/22/2026",TN,11/22/2026
Stennis Space Center Marathon,"Ocean Springs, MS 11/28/2026",MS,11/28/2026
North Central Rail Trail Marathon,"Sparks, MD 11/28/2026",MD,11/28/2026
Seattle Ghost Marathon,"Seattle, WA 11/28/2026",WA,11/28/2026
Seattle Marathon,"Seattle, WA 11/29/2026",WA,11/29/2026
Curacao Marathon,"Willemstad, CU 11/29/2026",CU,11/29/2026
Florence Marathon,"Florence, IT 11/29/2026",IT,11/29/2026
Death Valley Trail Marathon,"Death Valley, CA 12/06/2025",CA,12/06/2025
St. Jude Memphis Marathon,"Memphis, TN 12/05/2026",TN,12/05/2026
Rehoboth Beach Marathon,"Rehoboth Beach, DE 12/05/2026",DE,12/05/2026
3 Bridges Marathon,"Little Rock, AR 12/05/2026",AR,12/05/2026
Panama City Beach Marathon,"Panama City, FL 12/05/2026",FL,12/05/2026
Millinocket Marathon,"Millinocket, ME 12/05/2026",ME,12/05/2026
Wildwood Trail Marathon,"Wildwood, MO 12/05/2026",MO,12/05/2026
Brazos Bend 100 Marathon,"Needville, TX 12/05/2026",TX,12/05/2026
California International Marathon,"Sacramento, CA 12/06/2026",CA,12/06/2026
Hoover Dam Marathon,"Boulder City, NV 12/06/2025",NV,12/06/2025
Cayman Islands Marathon,"Grand Cayman, CI 12/06/2026",CI,12/06/2026
Topo Trail Marathon,"Bethel, OH 12/06/2026",OH,12/06/2026
Tallahassee Ultra Distance Classic Marathon,"Tallahassee, FL 12/06/2026",FL,12/06/2026
EOD Warrior Holiday Dash Marathon,"Washington, DC 12/06/2026",DC,12/06/2026
Tidewater Striders Dismal Swamp Marathon,"Chesapeake, VA 12/06/2026",VA,12/06/2026
Bound for Boston (Sarasota) Marathon,"Sarasota, FL 12/06/2026",FL,12/06/2026
Queens Marathon (Fall),"Queens, NY 12/06/2026",NY,12/06/2026
San Antonio Marathon,"San Antonio, TX 12/06/2026",TX,12/06/2026
End of the World Marathon,"Placencia, BZ 12/06/2026",BZ,12/06/2026
Valencia Marathon,"Valencia, ES 12/06/2026",ES,12/06/2026
South Texas International Marathon,"Harlingen, TX 12/07/2025",TX,12/07/2025
Jacksonville Marathon,"Jacksonville, FL 12/12/2026",FL,12/12/2026
Kiawah Island Marathon,"Kiawah Island, SC 12/12/2026",SC,12/12/2026
Phoenix Marathon,"Phoenix, AZ 12/12/2026",AZ,12/12/2026
Marathon Project (Gold Wave),"Chandler, AZ 12/12/2026",AZ,12/12/2026
Honolulu Marathon,"Honolulu, HI 12/13/2026",HI,12/13/2026
Rocket City Marathon,"Huntsville, AL 12/13/2026",AL,12/13/2026
Palm Beaches Marathon,"West Palm Beach, FL 12/13/2026",FL,12/13/2026
Tucson Marathon,"Tucson, AZ 12/13/2026",AZ,12/13/2026
Dallas Marathon,"Dallas, TX 12/13/2026",TX,12/13/2026
Bryan-College Station Marathon,"College Station, TX 12/13/2026",TX,12/13/2026
Mississippi Gulf Coast Marathon,"Biloxi, MS 12/13/2026",MS,12/13/2026
Marathon Project (Pro),"Chandler, AZ 12/13/2026",AZ,12/13/2026
Brownsville Chief of Police Marathon,"Brownsville, TX 12/13/2026",TX,12/13/2026
Star of Texas Marathon,"Spicewood, TX 12/13/2026",TX,12/13/2026
Irving Frost Marathon,"Irving, TX 12/19/2026",TX,12/19/2026
St. Pete Marathon,"St, Petersburg, FL 12/19/2027",FL,12/19/2027
Hawaii Bird Conservation Marathon,"Hilo, HI 12/20/2026",HI,12/20/2026
Holly Jolly Marathon,"Camarillo, CA 12/20/2026",CA,12/20/2026
Run for the Ranch Marathon,"Springfield, MO 12/27/2025",MO,12/27/2025
Corpus Christi Marathon,"Corpus Christi , TX 12/27/2026",TX,12/27/2026
Last Chance Marathon,"Bellingham, WA 12/31/2026",WA,12/31/2026
New Years (Eve) Double Marathon,"Allen, TX 12/31/2026",TX,12/31/2026
